original_uicn_name,especie
Abarema cochliocarpos,Abarema cochliacarpos
Abarema langsdorffii,Abarema langsdorffii
Abarema obovata,Abarema brachystachya
Acacia riparia,Senegalia riparia
Acalypha fragilis,Acalypha brasiliensis
Acalypha macrostachya,Acalypha macrostachya
Acalypha villosa,Acalypha villosa
Acca sellowiana,Feijoa sellowiana
Achatocarpus praecox,Achatocarpus praecox
Acianthera saundersiana,Acianthera saundersiana
Acmella uliginosa,Acmella uliginosa
Acroceras zizanioides,Acroceras zizanioides
Acrostichum aureum,Acrostichum aureum
Acrostichum danaeifolium,Acrostichum danaeifolium
Actinostemon concolor,Actinostemon concolor
Actinostemon klotzschii,Actinostemon klotzschii
Actinostemon verticillatus,Actinostemon verticillatus
Aegiphila brachiata,Aegiphila brachiata
Aegiphila fluminensis,Aegiphila fluminensis
Aegiphila integrifolia,Aegiphila integrifolia
Aegiphila mediterranea,Aegiphila mediterranea
Aegiphila obducta,Aegiphila obducta
Aegiphila verticillata,Aegiphila verticillata
Aegiphila vitelliniflora,Aegiphila vitelliniflora
Aeschynomene brasiliana,Ctenodon brasilianus
Aeschynomene brevipes,Ctenodon brevipes
Aeschynomene ciliata,Aeschynomene ciliata
Aeschynomene marginata,Ctenodon marginatus
Aeschynomene racemosa,Ctenodon racemosus
Agarista oleifolia,Agarista oleifolia
Agonandra brasiliensis,Agonandra brasiliensis
Aiouea acarodomatifera,Aiouea acarodomatifera
Aiouea bracteata,Aiouea bracteata
Aiouea glaziovii,Aiouea glaziovii
Aiouea saligna,Aiouea saligna
Albizia carbonaria,Albizia carbonaria
Albizia edwallii,Albizia edwallii
Albizia edwarllii,Albizia edwallii
Albizia inundata,Albizia inundata
Albizia niopoides,Albizia niopoides
Albizia polycephala,Albizia polycephala
Alchornea glandulosa,Alchornea glandulosa
Alchornea triplinervia,Alchornea triplinervia
Algernonia brasiliensis,Algernonia brasiliensis
Algernonia riedelii,Algernonia riedelii
Allophylus edulis,Allophylus edulis
Allophylus racemosus,Allophylus racemosus
Alseis floribunda,Alseis floribunda
Alseis latifolia,Alseis latifolia
Alternanthera sessilis,Alternanthera sessilis
Amaioua guianensis,Amaioua guianensis
Amazona brasiliensis,Gonatogyne brasiliensis
Ambrosia maritima,Ambrosia polystachya
Amburana cearensis,Amburana cearensis
Amphirrhox longifolia,Amphirrhox longifolia
Anathallis guimaraensii,Acianthera guimaraensii
Andira anthelmia,Andira anthelmia
Andira fraxinifolia,Andira fraxinifolia
Andira humilis,Andira humilis
Andira ormosioides,Andira ormosioides
Andira vermifuga,Andira vermifuga
Anemia candidoi,Anemia phyllitidis
Aniba viridis,Aniba viridis
Aniseia martinicensis,Aniseia martinicensis
Annona cacans,Annona cacans
Annona crassiflora,Annona crassiflora
Annona dioica,Annona dioica
Annona dolabripetala,Annona dolabripetala
Annona emarginata,Annona emarginata
Annona glabra,Annona glabra
Annona maritima,Annona emarginata
Annona montana,Annona montana
Annona neosalicifolia,Annona emarginata
Annona neosericea,Annona dolabripetala
Annona nutans,Annona nutans
Annona reticulata,Annona reticulata
Annona rugulosa,Annona emarginata
Annona sylvatica,Annona sylvatica
Annona ubatubensis,Annona dolabripetala
Annona xylopiifolia,Annona xylopiifolia
Anthodon decussatum,Anthodon decussatus
Anthurium sinuatum,Anthurium sinuatum
Aparisthmium cordatum,Aparisthmium cordatum
Apeiba tibourbou,Apeiba tibourbou
Apinagia fluitans,Apinagia riedelii
Aralia warmingiana,Aralia warmingiana
Araucaria angustifolia,Araucaria angustifolia
Ardisia guianensis,Ardisia guianensis
Arthrocereus melanurus,Arthrocereus melanurus
Arundo donax,Arundo donax
Aspidosperma australe,Aspidosperma australe
Aspidosperma camporum,Aspidosperma camporum
Aspidosperma compactinervium,Aspidosperma compactinervium
Aspidosperma cuspa,Aspidosperma cuspa
Aspidosperma cylindrocarpon,Aspidosperma cylindrocarpon
Aspidosperma ingratum,Aspidosperma parvifolium
Aspidosperma multiflorum,Aspidosperma multiflorum
Aspidosperma polyneuron,Aspidosperma polyneuron
Aspidosperma pyricollum,Aspidosperma pyricollum
Aspidosperma ramiflorum,Aspidosperma ramiflorum
Aspidosperma subincanum,Aspidosperma subincanum
Aspidosperma tomentosum,Aspidosperma tomentosum
Asplenium formosum,Asplenium formosum
Astrocaryum aculeatissimum,Astrocaryum aculeatissimum
Astronium urundeuva,Astronium urundeuva
Attalea oleifera,Attalea oleifera
Aureliana fasciculata,Athenaea fasciculata
Avena strigosa,Avena strigosa
Avicennia germinans,Avicennia germinans
Avicennia schaueriana,Avicennia schaueriana
Axonopus scoparius,Axonopus scoparius
Baccharis oreophila,Baccharis oreophila
Baccharis punctulata,Baccharis punctulata
Bacopa monnieri,Bacopa monnieri
Balfourodendron riedelianum,Balfourodendron riedelianum
Banara tomentosa,Banara tomentosa
Bathysa mendoncaei,Bathysa mendoncaei
Bathysa stipulata,Bathysa stipulata
Bauhinia cheilantha,Bauhinia cheilantha
Bauhinia forficata,Bauhinia forficata
Bauhinia longifolia,Bauhinia longifolia
Bauhinia pentandra,Bauhinia pentandra
Bauhinia ungulata,Bauhinia ungulata
Bauhinia variegata,Bauhinia variegata
Behuria insignis,Huberia insignis
Beilschmiedia emarginata,Beilschmiedia emarginata
Beilschmiedia fluminensis,Beilschmiedia fluminensis
Bixa arborea,Bixa arborea
Bixa orellana,Bixa orellana
Bixa urucurana,Bixa orellana
Boehmeria caudata,Boehmeria caudata
Boehmeria cylindrica,Boehmeria cylindrica
Boehmeria ulmifolia,Boehmeria ulmifolia
Bougainvillea glabra,Bougainvillea glabra
Bowdichia virgilioides,Bowdichia virgilioides
Brachiaria mutica,Urochloa mutica
Brasiliopuntia brasiliensis,Brasiliopuntia brasiliensis
Bredemeyera floribunda,Bredemeyera floribunda
Bredemeyera hebeclada,Bredemeyera hebeclada
Brosimum glaziovii,Brosimum glaziovii
Brosimum guianense,Brosimum guianense
Brosimum lactescens,Brosimum lactescens
Brugmansia suaveolens,Brugmansia suaveolens
Brunfelsia pauciflora,Brunfelsia pauciflora
Brunfelsia uniflora,Brunfelsia uniflora
Bulbophyllum regnellii,Bulbophyllum regnellii
Bulbostylis capillaris,Bulbostylis capillaris
Bunchosia glandulifera,Bunchosia glandulifera
Bunchosia pallescens,Bunchosia pallescens
Byrsonima basiloba,Byrsonima basiloba
Byrsonima coccolobifolia,Byrsonima coccolobifolia
Byrsonima crassifolia,Byrsonima crassifolia
Byrsonima cydoniifolia,Byrsonima cydoniifolia
Byrsonima guilleminiana,Byrsonima guilleminiana
Byrsonima lancifolia,Byrsonima variabilis
Byrsonima laxiflora,Byrsonima laxiflora
Byrsonima myricifolia,Byrsonima myricifolia
Byrsonima pachyphylla,Byrsonima pachyphylla
Byrsonima perseifolia,Byrsonima perseifolia
Byrsonima sericea,Byrsonima sericea
Byrsonima variabilis,Byrsonima variabilis
Byrsonima verbascifolia,Byrsonima verbascifolia
Cabralea canjerana,Cabralea canjerana
Caesalpinia pulcherrima,Caesalpinia pulcherrima
Calliandra parvifolia,Calliandra parvifolia
Calliandra tweediei,Calliandra tweedii
Callianthe rufinerva,Callianthe rufinerva
Callisthene fasciculata,Callisthene fasciculata
Calophyllum brasiliense,Calophyllum brasiliense
Calycorectes acutatus,Eugenia acutata
Calyptranthes grandifolia,Myrcia loranthifolia
Calyptranthes strigipes,Myrcia strigosa
Calyptranthes widgreniana,Myrcia glomerata
Campomanesia guazumifolia,Campomanesia guazumifolia
Campomanesia neriiflora,Campomanesia neriiflora
Campomanesia phaea,Campomanesia phaea
Campomanesia schlechtendaliana var. schlechtendaliana,Campomanesia schlechtendaliana var. schlechtendaliana
Campomanesia sessiliflora var. sessiliflora,Campomanesia sessiliflora var. sessiliflora
Campomanesia simulans,Campomanesia simulans
Campylocentrum spannagelii,Campylocentrum spannagelii
Capparidastrum frondosum,Capparidastrum frondosum
Cardiospermum halicacabum,Cardiospermum halicacabum
Cariniana legalis,Cariniana legalis
Caryocar brasiliense,Caryocar brasiliense
Casearia aculeata,Casearia aculeata
Casearia arborea,Casearia arborea
Casearia grandiflora,Casearia grandiflora
Casearia lasiophylla,Casearia lasiophylla
Casearia mariquitensis,Casearia mariquitensis
Casearia obliqua,Casearia obliqua
Casearia paranaensis,Casearia paranaensis
Casearia rupestris,Casearia rupestris
Casearia selloana,Casearia selloana
Casearia sylvestris,Casearia sylvestris
Cassia ferruginea,Cassia ferruginea
Cassia grandis,Cassia grandis
Cassia leptophylla,Cassia leptophylla
Cecropia hololeuca,Cecropia hololeuca
Cedrela fissilis,Cedrela fissilis
Cedrela odorata,Cedrela odorata
Ceiba erianthos,Ceiba erianthos
Ceiba pentandra,Ceiba pentandra
Celosia argentea,Celosia argentea
Celtis chichape,Celtis chichape
Celtis ehrenbergiana,Celtis iguanaea
Celtis iguanaea,Celtis iguanaea
Cenchrus latifolius,Cenchrus latifolius
Centrolobium microchaete,Centrolobium microchaete
Centrosema arenarium,Centrosema arenarium
Centrosema macrocarpum,Centrosema macrocarpum
Ceratophyllum demersum,Ceratophyllum demersum
Ceratopteris thalictroides,Ceratopteris thalictroides
Cereus fernambucensis,Cereus fernambucensis
Cereus hildmannianus,Cereus hildmannianus
Cestrum axillare,Cestrum axillare
Cestrum bracteatum,Cestrum bracteatum
Cestrum intermedium,Cestrum intermedium
Cestrum mariquitense,Cestrum mariquitense
Cestrum schlechtendahlii,Cestrum schlechtendalii
Cestrum strigilatum,Cestrum strigilatum
Cestrum subpulverulentum,Cestrum subpulverulentum
Chaetocalyx scandens,Nissolia vincentina
Chamaecrista desvauxii,Chamaecrista desvauxii
Chamaecrista ensiformis,Chamaecrista ensiformis
Chamaecrista glandulosa,Chamaecrista glandulosa
Chamaecrista setosa,Chamaecrista setosa
Chamaecrista trachycarpa,Chamaecrista trachycarpa
Chamaecrista viscosa,Chamaecrista viscosa
Cheiloclinium cognatum,Cheiloclinium cognatum
Chiococca alba,Chiococca alba
Chionanthus filiformis,Chionanthus filiformis
Chloroleucon tenuiflorum,Chloroleucon tenuiflorum
Chloroleucon tortum,Chloroleucon tortum
Chomelia brasiliana,Chomelia brasiliana
Chomelia paniculata,Chomelia pohliana
Chomelia parvifolia,Chomelia brasiliana
Chomelia pedunculosa,Chomelia pedunculosa
Chomelia pohliana,Chomelia pohliana
Chomelia randioides,Chomelia obtusa
Chrysobalanus icaco,Chrysobalanus icaco
Chrysophyllum flexuosum,Chrysophyllum flexuosum
Chrysophyllum gonocarpum,Chrysophyllum gonocarpum
Chrysophyllum imperiale,Chrysophyllum imperiale
Chrysophyllum inornatum,Chrysophyllum inornatum
Chrysophyllum marginatum,Chrysophyllum marginatum
Chrysophyllum viride,Chrysophyllum viride
Chusquea bambusoides,Chusquea bambusoides
Citronella gongonha,Citronella gongonha
Cladium mariscus,Cladium mariscus
Clarisia ilicifolia,Clarisia ilicifolia
Clarisia racemosa,Clarisia racemosa
Cleistes ionoglossa,Cleistes rodriguesii
Clethra scabra,Clethra scabra
Clidemia capitellata,Clidemia capitellata
Clidemia dentata,Clidemia dentata
Clusia lanceolata,Clusia lanceolata
Cnidoscolus oligandrus,Cnidoscolus oligandrus
Cnidoscolus urens,Cnidoscolus urens
Coccoloba declinata,Coccoloba declinata
Coccoloba glaziovii,Coccoloba glaziovii
Coccoloba mollis,Coccoloba mollis
Coccoloba striata,Coccoloba striata
Coccoloba warmingii,Coccoloba warmingii
Cochlospermum regium,Cochlospermum regium
Coelorachis aurita,Mnesithea aurita
Coffea arabica,Coffea arabica
Coleocephalocereus fluminensis,Coleocephalocereus fluminensis
Collaea speciosa,Collaea speciosa
Colubrina glandulosa,Colubrina glandulosa
Combretum laxum,Combretum laxum
Commelina diffusa,Commelina diffusa
Conchocarpus fontanesianus,Conchocarpus fontanesianus
Connarus suberosus,Connarus suberosus
Conocarpus erectus,Conocarpus erectus
Copaifera langsdorffii,Copaifera langsdorffii
Copaifera trapezifolia,Copaifera trapezifolia
Cordia insignis,Cordia insignis
Cordia sellowiana,Cordia sellowiana
Cordia superba,Cordia superba
Cordia taguahyensis,Cordia taguahyensis
Cordia trichotoma,Cordia trichotoma
Cordiera myrciifolia,Cordiera myrciifolia
Couepia leitaofilhoi,Couepia leitaofilhoi
Couepia meridionalis,Couepia meridionalis
Couepia venosa,Couepia venosa
Coussapoa microcarpa,Coussapoa microcarpa
Coussarea accedens,Coussarea accedens
Coussarea bocainae,Coussarea bocainae
Coussarea meridionalis,Coussarea meridionalis
Coutarea hexandra,Coutarea hexandra
Critonia morifolia,Critonia morifolia
Crotalaria lanceolata,Crotalaria lanceolata
Crotalaria micans,Crotalaria micans
Croton alchorneicarpus,Croton alchorneicarpus
Croton hemiargyreus,Croton hemiargyreus
Croton tricolor,Croton tricolor
Croton vulnerarius,Croton vulnerarius
Cryptocarya aschersoniana,Cryptocarya aschersoniana
Cryptocarya mandioccana,Cryptocarya mandioccana
Cryptocarya micrantha,Cryptocarya micrantha
Cryptocarya moschata,Cryptocarya moschata
Cryptocarya saligna,Cryptocarya saligna
Cupania bracteosa,Cupania bracteosa
Cupania emarginata,Cupania emarginata
Cupania oblongifolia,Cupania oblongifolia
Cupania tenuivalvis,Cupania tenuivalvis
Cupania vernalis,Cupania vernalis
Cuphea melvilla,Cuphea melvilla
Cyanocephalus lippioides,Cyanocephalus lippioides
Cybianthus detergens,Cybianthus detergens
Cybianthus goyazensis,Cybianthus goyazensis
Cybianthus peruvianus,Cybianthus peruvianus
Cyclolobium brasiliense,Cyclolobium brasiliense
Cyclopogon longibracteatus,Cyclopogon longibracteatus
Cyclosorus interruptus,Cyclosorus interruptus
Cynophalla flexuosa,Cynophalla flexuosa
Cyperus articulatus,Cyperus articulatus
Cyperus brasiliensis,Cyperus brasiliensis
Cyperus compressus,Cyperus compressus
Cyperus digitatus,Cyperus digitatus
Cyperus distans,Cyperus distans
Cyperus drummondii,Cyperus drummondii
Cyperus eragrostis,Cyperus eragrostis
Cyperus flavescens,Cyperus flavescens
Cyperus haspan,Cyperus haspan
Cyperus hortensis,Cyperus hortensis
Cyperus imbricatus,Cyperus imbricatus
Cyperus iria,Cyperus iria
Cyperus lanceolatus,Cyperus lanceolatus
Cyperus mundii,Cyperus mundtii
Cyperus polystachyos,Cyperus polystachyos
Cyperus rotundus,Cyperus rotundus
Cyperus sesquiflorus,Cyperus sesquiflorus
Cyperus unioloides,Cyperus unioloides
Cyphomandra diploconos,Solanum diploconos
Cyrtopodium brandonianum,Cyrtopodium brandonianum
Dalbergia ecastaphyllum,Dalbergia ecastaphyllum
Dalbergia nigra,Dalbergia nigra
Daphnopsis brasiliensis,Daphnopsis brasiliensis
Daphnopsis coriacea,Daphnopsis coriacea
Daphnopsis fasciculata,Daphnopsis fasciculata
Daphnopsis martii,Daphnopsis martii
Daphnopsis racemosa,Daphnopsis racemosa
Daphnopsis schwackeana,Daphnopsis schwackeana
Daphnopsis utilis,Daphnopsis utilis
Dasyphyllum spinescens,Dasyphyllum spinescens
Delonix regia,Delonix regia
Dendropanax australis,Dendropanax australis
Dendropanax cuneatus,Dendropanax cuneatus
Dendropanax denticulatus,Dendropanax denticulatus
Dendropanax monogynus,Dendropanax monogynus
Dendropanax nebulosus,Dendropanax nebulosus
Desmodium adscendens,Desmodium adscendens
Desmodium barbatum,Desmodium barbatum
Desmodium cajanifolium,Desmodium cajanifolium
Desmodium subsecundum,Desmodium subsecundum
Desmoscelis villosa,Desmoscelis villosa
Dictyoloma vandellianum,Dictyoloma vandellianum
Digitaria horizontalis,Digitaria horizontalis
Digitaria insularis,Digitaria insularis
Digitaria nuda,Digitaria nuda
Digitaria sacchariflora,Digitaria insularis
Dimerostemma asperatum,Dimerostemma lippioides
Dimorphandra mollis,Dimorphandra mollis
Dioscorea trilinguis,Dioscorea trilinguis
Diospyros apeibacarpos,Diospyros apeibacarpos
Diospyros brasiliensis,Diospyros brasiliensis
Diploon cuspidatum,Diploon cuspidatum
Dipteryx alata,Dipteryx alata
Ditassa fontellae,Ditassa bicolor
Dodonaea viscosa,Dodonaea viscosa
Drepanolejeunea aculeata,Drepanolejeunea aculeata
Duguetia furfuracea,Duguetia furfuracea
Duguetia lanceolata,Duguetia lanceolata
Duranta erecta,Duranta erecta
Duranta vestita,Duranta vestita
Ecclinusa ramiflora,Ecclinusa ramiflora
Echinochloa colona,Echinochloa colona
Echinochloa crus-pavonis,Echinochloa crus-pavonis
Echinochloa polystachya,Echinochloa polystachya
Echinochloa walteri,Echinochloa walteri
Eclipta prostrata,Eclipta prostrata
Elaphoglossum hybridum,Elaphoglossum hybridum
Eleocharis acutangula,Eleocharis acutangula
Eleocharis confervoides,Eleocharis confervoides
Eleocharis flavescens,Eleocharis flavescens
Eleocharis geniculata,Eleocharis geniculata
Eleocharis mutata,Eleocharis mutata
Eleocharis sellowiana,Eleocharis sellowiana
Eleusine tristachya,Eleusine tristachya
Endlicheria paniculata,Endlicheria paniculata
Enterolobium contortisiliquum,Enterolobium contortisiliquum
Enterolobium gummiferum,Enterolobium gummiferum
Epidendrum proligerum,Epidendrum proligerum
Epidendrum ramosum,Epidendrum ramosum
Epiphyllum phyllanthus,Epiphyllum phyllanthus
Equisetum giganteum,Equisetum giganteum
Eragrostis hypnoides,Eragrostis hypnoides
Eremanthus erythropappus,Eremanthus erythropappus
Eremanthus mattogrossensis,Eremanthus mattogrossensis
Eremocaulon setosum,Aulonemia setosa
Eriocaulon cinereum,Eriocaulon cinereum
Eriosema crinitum,Eriosema crinitum
Eriotheca pentaphylla,Eriotheca pentaphylla
Erythrina crista-galli,Erythrina crista-galli
Erythrina dominguezii,Erythrina mulungu
Erythrina speciosa,Erythrina speciosa
Erythrina verna,Erythrina verna
Erythroxylum citrifolium,Erythroxylum citrifolium
Erythroxylum cuspidifolium,Erythroxylum cuspidifolium
Erythroxylum daphnites,Erythroxylum daphnites
Erythroxylum gonoclados,Erythroxylum gonocladum
Erythroxylum myrsinites,Erythroxylum myrsinites
Erythroxylum pelleterianum,Erythroxylum pelleterianum
Erythroxylum suberosum,Erythroxylum suberosum
Erythroxylum tortuosum,Erythroxylum tortuosum
Escallonia bifida,Escallonia bifida
Esenbeckia grandiflora,Esenbeckia grandiflora
Esenbeckia leiocarpa,Esenbeckia leiocarpa
Eugenia bacopari,Eugenia bacopari
Eugenia batingabranca,Eugenia batingabranca
Eugenia beaurepairiana,Eugenia beaurepairiana
Eugenia bimarginata,Eugenia bimarginata
Eugenia candolleana,Eugenia candolleana
Eugenia capitulifera,Eugenia viridiflora
Eugenia chlorophylla,Eugenia chlorophylla
Eugenia cinerascens,Eugenia cinerascens
Eugenia cyclophylla,Eugenia astringens
Eugenia dodonaeifolia,Eugenia dodonaeifolia
Eugenia dysenterica,Eugenia dysenterica
Eugenia egensis,Eugenia egensis
Eugenia elongata,Eugenia elongata
Eugenia expansa,Eugenia expansa
Eugenia flavescens,Eugenia flavescens
Eugenia florida,Eugenia florida
Eugenia francavilleana,Eugenia francavilleana
Eugenia fusca,Eugenia fusca
Eugenia handroana,Eugenia handroana
Eugenia handroi,Eugenia handroi
Eugenia hermesiana,Eugenia hermesiana
Eugenia involucrata,Eugenia involucrata
Eugenia ischnosceles,Eugenia ischnosceles
Eugenia kleinii,Eugenia kleinii
Eugenia leptoclada,Eugenia leptoclada
Eugenia longipetiolata,Eugenia longipetiolata
Eugenia macahensis,Eugenia macahensis
Eugenia macrobracteolata,Eugenia macrobracteolata
Eugenia mansoi,Eugenia mansoi
Eugenia melanogyna,Eugenia melanogyna
Eugenia microcarpa,Eugenia pisiformis
Eugenia modesta,Eugenia modesta
Eugenia monosperma,Eugenia monosperma
Eugenia mosenii,Eugenia mosenii
Eugenia multicostata,Eugenia multicostata
Eugenia myrcianthes,Eugenia myrcianthes
Eugenia neoglomerata,Eugenia subglomerata
Eugenia neosilvestris,Eugenia neosilvestris
Eugenia neoverrucosa,Eugenia neoverrucosa
Eugenia oblongata,Eugenia disperma
Eugenia pantagensis,Eugenia pantagensis
Eugenia peruibensis,Eugenia peruibensis
Eugenia piloesis,Eugenia piloensis
Eugenia pithecocephala,Eugenia pithecocephala
Eugenia prasina,Eugenia prasina
Eugenia psidiiflora,Eugenia subterminalis
Eugenia punicifolia,Eugenia punicifolia
Eugenia pyriformis,Eugenia pyriformis
Eugenia repanda,Eugenia repanda
Eugenia sonderiana,Eugenia sonderiana
Eugenia speciosa,Eugenia speciosa
Eugenia squamiflora,Eugenia squamiflora
Eugenia stigmatosa,Eugenia stigmatosa
Eugenia subavenia,Eugenia subavenia
Eugenia sulcata,Eugenia sulcata
Eugenia supraaxillaris,Eugenia supraaxillaris
Eugenia umbrosa,Eugenia umbrosa
Eugenia verticillata,Eugenia verticillata
Eugenia zuccarinii,Eugenia zuccarinii
Eumachia cymuligera,Eumachia cymuligera
Euphorbia comosa,Euphorbia comosa
Euphorbia cotinifolia,Euphorbia cotinifolia
Euplassa hoehnei,Euplassa hoehnei
Euplassa inaequalis,Euplassa inaequalis
Euplassa itatiaiae,Euplassa itatiaiae
Euplassa legalis,Euplassa legalis
Exostyles venusta,Exostyles venusta
Faramea martiana,Faramea stipulacea
Faramea multiflora,Faramea multiflora
Faramea nigrescens,Faramea marginata
Faramea stipulacea,Faramea stipulacea
Faramea truncata,Faramea truncata
Ficus catappifolia,Ficus catappifolia
Ficus crocata,Ficus crocata
Ficus cyclophylla,Ficus cyclophylla
Ficus enormis,Ficus enormis
Ficus eximia,Ficus eximia
Ficus gomelleira,Ficus gomelleira
Ficus hirsuta,Ficus hirsuta
Ficus lagoensis,Ficus lagoensis
Ficus latipedunculata,Ficus latipedunculata
Ficus luschnathiana,Ficus luschnathiana
Ficus monckii,Ficus luschnathiana
Ficus obtusifolia,Ficus obtusifolia
Ficus obtusiuscula,Ficus obtusiuscula
Ficus pertusa,Ficus pertusa
Ficus pulchella,Ficus pulchella
Ficus salzmanniana,Ficus hirsuta
Ficus trigona,Ficus trigona
Fimbristylis autumnalis,Fimbristylis autumnalis
Fimbristylis complanata,Fimbristylis complanata
Fimbristylis cymosa,Fimbristylis cymosa
Fimbristylis dichotoma,Fimbristylis dichotoma
Fimbristylis littoralis,Fimbristylis littoralis
Fuirena umbellata,Fuirena umbellata
Galactia glaucescens,Galactia glaucescens
Galipea jasminiflora,Galipea jasminiflora
Gallesia integrifolia,Gallesia integrifolia
Garcinia brasiliensis,Garcinia brasiliensis
Garcinia gardneriana,Garcinia gardneriana
Gaultheria eriophylla,Gaultheria eriophylla
Gaylussacia brasiliensis,Gaylussacia brasiliensis
Genipa spruceana,Genipa americana
Gliricidia sepium,Gliricidia sepium
Gnaphalium polycaulon,Gnaphalium polycaulon
Gomesa sessilis,Gomesa recurva
Graffenrieda weddellii,Graffenrieda weddellii
Grandiphyllum schunkeanum,Grandiphyllum auricula
Griffinia intermedia,Griffinia intermedia
Guadua paniculata,Guadua paniculata
Guapira graciliflora,Guapira graciliflora
Guapira noxia,Guapira noxia
Guarea guidonia,Guarea guidonia
Guarea macrophylla,Guarea macrophylla
Guatteria australis,Guatteria australis
Guatteria sellowiana,Guatteria sellowiana
Guazuma ulmifolia,Guazuma ulmifolia
Guettarda pohliana,Guettarda pohliana
Guettarda uruguensis,Guettarda uruguensis
Gymnanthes gaudichaudii,Gymnanthes gaudichaudii
Habenaria dusenii,Habenaria dusenii
Habenaria glazioviana,Habenaria glazioviana
Habenaria parviflora,Habenaria parviflora
Habenaria pleiophylla,Habenaria pleiophylla
Halodule emarginata,Halodule emarginata
Halodule wrightii,Halodule wrightii
Hamelia patens,Hamelia patens
Handroanthus albus,Handroanthus albus
Handroanthus heptaphyllus,Handroanthus heptaphyllus
Handroanthus impetiginosus,Handroanthus impetiginosus
Hatiora epiphylloides,Schlumbergera lutea
Hatiora herminiae,Hatiora herminiae
Hatiora salicornioides,Hatiora salicornioides
Hedychium coronarium,Hedychium coronarium
Heisteria perianthomega,Heisteria perianthomega
Heisteria silvianii,Heisteria silvianii
Heliconia farinosa,Heliconia farinosa
Heliotropium curassavicum,Heliotropium curassavicum
Heteropterys byrsonimifolia,Heteropterys byrsonimifolia
Heteropterys eglandulosa,Heteropterys eglandulosa
Heteropterys nervosa,Heteropterys nervosa
Himatanthus obovatus,Himatanthus obovatus
Hiraea fagifolia,Hiraea fagifolia
Hirtella angustifolia,Hirtella angustifolia
Holocalyx balansae,Holocalyx balansae
Holochilus brasiliensis,Holocheilus brasiliensis
Homalolepis cuneata,Homalolepis cuneata
Homalolepis insignis,Homalolepis insignis
Homolepis aturensis,Homolepis aturensis
Hortia brasiliana,Hortia brasiliana
Huberia ovalifolia,Huberia ovalifolia
Humiria balsamifera,Humiria balsamifera
Humiriastrum dentatum,Humiriastrum dentatum
Hydrocotyle bonariensis,Hydrocotyle bonariensis
Hydrocotyle ranunculoides,Hydrocotyle ranunculoides
Hylocereus setaceus,Selenicereus setaceus
Hylocereus undatus,Selenicereus undatus
Hymenaea altissima,Hymenaea altissima
Hymenaea courbaril,Hymenaea courbaril
Hymenaea martiana,Hymenaea martiana
Hyptidendron canum,Hyptidendron canum
Ilex cerasifolia,Ilex cerasifolia
Ilex grandis,Ilex integerrima
Ilex integerrima,Ilex integerrima
Ilex microdonta,Ilex microdonta
Ilex paraguariensis,Ilex paraguariensis
Ilex pseudobuxus,Ilex pseudobuxus
Ilex taubertiana,Ilex taubertiana
Indigofera asperifolia,Indigofera asperifolia
Inga barbata,Inga barbata
Inga bullata,Inga bullata
Inga capitata,Inga capitata
Inga edulis,Inga edulis
Inga ingoides,Inga ingoides
Inga lanceifolia,Inga lanceifolia
Inga laurina,Inga laurina
Inga lenticellata,Inga lenticellata
Inga lentiscifolia,Inga lentiscifolia
Inga marginata,Inga marginata
Inga praegnans,Inga praegnans
Inga schinifolia,Inga schinifolia
Inga sellowiana,Inga sellowiana
Inga striata,Inga striata
Inga subnuda,Inga subnuda
Inga thibaudiana,Inga thibaudiana
Inga vera,Inga vera
Ipomoea cynanchifolia,Ipomoea cynanchifolia
Ipomoea grandifolia,Ipomoea triloba
Ipomoea ramosissima,Ipomoea ramosissima
Ipomoea rubens,Ipomoea rubens
Ipomoea tiliacea,Ipomoea tiliacea
Ischaemum rugosum,Ischaemum rugosum
Ixora brevifolia,Ixora brevifolia
Ixora gardneriana,Ixora gardneriana
Ixora schottiana,Ixora schottiana
Jacaranda caroba,Jacaranda caroba
Jacaranda cuspidifolia,Jacaranda cuspidifolia
Jacaranda micrantha,Jacaranda micrantha
Jacaranda puberula,Jacaranda puberula
Jacaranda rufa,Jacaranda rufa
Jatropha curcas,Jatropha curcas
Jatropha gossypiifolia,Jatropha gossypiifolia
Joannesia princeps,Joannesia princeps
Kielmeyera lathrophyton,Kielmeyera lathrophyton
Kyllinga brevifolia,Cyperus brevifolius
Lacistema aggregatum,Lacistema aggregatum
Lacistema lucidum,Lacistema lucidum
Lacistema pubescens,Lacistema pubescens
Lacistema serrulatum,Lacistema serrulatum
Lafoensia pacari,Lafoensia pacari
Laguncularia racemosa,Laguncularia racemosa
Lamanonia cuneata,Lamanonia cuneata
Lamanonia ternata,Lamanonia ternata
Lamanonia ulei,Lamanonia ulei
Lankesterella gnomus,Lankesterella gnoma
Laplacea fruticosa,Laplacea fruticosa
Lasiacis divaricata,Lasiacis divaricata
Laurembergia tetrandra,Laurembergia tetrandra
Leandra acutiflora,Leandra acutiflora
Leandra amplexicaulis,Leandra amplexicaulis
Leandra barbinervis,Leandra barbinervis
Leandra brackenridgei,Leandra brackenridgei
Leandra clidemioides,Leandra clidemioides
Leandra lancifolia,Leandra aurea
Leandra melastomoides,Leandra melastomoides
Leandra multiplinervis,Leandra multiplinervis
Leandra pilonensis,Leandra brackenridgei
Leandra purpureo-villosa,Leandra purpureovillosa
Leandra quinquedentata,Leandra quinquedentata
Leandra umbellata,Leandra umbellata
Leandra variabilis,Leandra variabilis
Lecythis lanceolata,Lecythis lanceolata
Leersia hexandra,Leersia hexandra
Lemna aequinoctialis,Lemna aequinoctialis
Lepismium cruciforme,Lepismium cruciforme
Lepismium houlletianum,Lepismium houlletianum
Lepismium lumbricoides,Lepismium lumbricoides
Lepismium warmingianum,Lepismium warmingianum
Leptolobium dasycarpum,Leptolobium dasycarpum
Leptolobium elegans,Leptolobium elegans
Leucochloron incuriale,Leucochloron incuriale
Libidibia ferrea,Libidibia ferrea
Licania gardneri,Leptobalanus gardneri
Licania kunthiana,Licania kunthiana
Licania nitida,Licania nitida
Licania octandra,Leptobalanus octandrus
Licaria armeniaca,Licaria armeniaca
Lithraea molleoides,Lithraea molleoides
Lonchocarpus heptaphyllus,Lonchocarpus latifolius
Lonchocarpus nitidus,Lonchocarpus nitidus
Ludwigia leptocarpa,Ludwigia leptocarpa
Ludwigia nervosa,Ludwigia nervosa
Ludwigia octovalvis,Ludwigia octovalvis
Luehea candicans,Luehea candicans
Luehea divaricata,Luehea divaricata
Luehea paniculata,Luehea paniculata
Mabea piriri,Mabea piriri
Machaerium acutifolium,Machaerium acutifolium
Machaerium amplum,Machaerium amplum
Machaerium brasiliense,Machaerium brasiliense
Machaerium cantarellianum,Machaerium cantarellianum
Machaerium incorruptibile,Machaerium incorruptibile
Machaerium nyctitans,Machaerium nyctitans
Machaerium paraguariense,Machaerium paraguariense
Machaerium pilosum,Machaerium hirtum
Machaerium scleroxylon,Machaerium scleroxylon
Machaerium villosum,Machaerium villosum
Machaonia acuminata,Machaonia acuminata
Machaonia brasiliensis,Machaonia acuminata
Maclura tinctoria,Maclura tinctoria
Macrocarpaea glaziovii,Macrocarpaea glaziovii
Macropeplus dentatus,Macropeplus dentatus
Macroptilium bracteatum,Macroptilium bracteatum
Magnolia irwiniana,Magnolia ovata
Magnolia ovata,Magnolia ovata
Magnolia paranaensis,Magnolia ovata
Magnolia sellowiana,Magnolia ovata
Magonia pubescens,Magonia pubescens
Manihot anomala,Manihot anomala
Manihot caerulescens,Manihot caerulescens
Manihot pilosa,Manihot pilosa
Manihot tripartita,Manihot tripartita
Manilkara subsericea,Manilkara subsericea
Maprounea guianensis,Maprounea guianensis
Marlierea clausseniana,Myrcia multipunctata
Matayba elaeagnoides,Matayba elaeagnoides
Matayba guianensis,Matayba guianensis
Matayba intermedia,Matayba intermedia
Matayba juglandifolia,Matayba juglandifolia
Matayba marginata,Matayba marginata
Maytenus aquifolia,Monteverdia aquifolia
Meliosma sellowii,Meliosma sellowii
Melochia pyramidata,Melochia pyramidata
Mentha spicata,Mentha spicata
Mentha suaveolens,Mentha suaveolens
Meriania claussenii,Meriania claussenii
Mesosetum ferrugineum,Mesosetum ferrugineum
Metrodorea nigra,Metrodorea nigra
Metrodorea stipularis,Metrodorea stipularis
Miconia affinis,Miconia affinis
Miconia albicans,Miconia albicans
Miconia altissima,Miconia formosa
Miconia argyraea,Miconia willdenowii
Miconia brunnea,Miconia brunnea
Miconia budlejoides,Miconia buddlejoides
Miconia cabucu,Miconia formosa
Miconia calvescens,Miconia calvescens
Miconia centrodesma,Miconia centrodesma
Miconia chamissois,Miconia chamissois
Miconia chartacea,Miconia flammea
Miconia cinnamomifolia,Miconia cinnamomifolia
Miconia corallina,Miconia corallina
Miconia discolor,Miconia discolor
Miconia dodecandra,Miconia dodecandra
Miconia elegans,Miconia elegans
Miconia flammea,Miconia flammea
Miconia formosa,Miconia formosa
Miconia goldenbergiana,Miconia goldenbergiana
Miconia holosericea,Miconia holosericea
Miconia hyemalis,Miconia hyemalis
Miconia inconspicua,Miconia inconspicua
Miconia jucunda,Miconia staminea
Miconia lagunensis,Miconia cinerascens
Miconia latecrenata,Miconia latecrenata
Miconia lepidota,Miconia lepidota
Miconia leucocarpa,Miconia leucocarpa
Miconia ligustroides,Miconia ligustroides
Miconia lymanii,Miconia lymanii
Miconia minutiflora,Miconia minutiflora
Miconia nervosa,Miconia nervosa
Miconia paniculata,Miconia paniculata
Miconia pepericarpa,Miconia pepericarpa
Miconia picinguabensis,Miconia picinguabensis
Miconia prasina,Miconia prasina
Miconia racemifera,Miconia racemifera
Miconia rubiginosa,Miconia rubiginosa
Miconia sellowiana,Miconia sellowiana
Miconia serrulata,Miconia serrulata
Miconia setosociliata,Miconia setosociliata
Miconia stenostachya,Miconia stenostachya
Miconia tentaculifera,Miconia tentaculifera
Miconia trianae,Miconia trianae
Miconia urophylla,Miconia urophylla
Miconia valtheri,Miconia valtheri
Micrandra elata,Micrandra elata
Micropholis crassipedicellata,Micropholis crassipedicellata
Mimosa bimucronata,Mimosa bimucronata
Mimosa brevipetiolata,Mimosa brevipetiolata
Mimosa cubatanensis,Mimosa cubatanensis
Mimosa dolens,Mimosa dolens
Mimosa elliptica,Mimosa elliptica
Mimosa foliolosa,Mimosa foliolosa
Mimosa furfuracea,Mimosa furfuracea
Mimosa gracilis,Mimosa gracilis
Mimosa laticifera,Mimosa laticifera
Mimosa myuros,Mimosa myuros
Mimosa nuda,Mimosa debilis var. debilis
Mimosa orthacantha,Mimosa orthacantha
Mimosa pudica,Mimosa pudica
Mimosa selloi,Mimosa selloi
Mimosa xanthocentra,Mimosa xanthocentra
Mollinedia argyrogyna,Mollinedia argyrogyna
Mollinedia clavigera,Mollinedia clavigera
Mollinedia elegans,Mollinedia elegans
Mollinedia engleriana,Mollinedia engleriana
Mollinedia gilgiana,Mollinedia gilgiana
Mollinedia luizae,Mollinedia luizae
Mollinedia oligantha,Mollinedia oligantha
Mollinedia ovata,Mollinedia ovata
Mollinedia schottiana,Mollinedia schottiana
Mollinedia triflora,Mollinedia triflora
Mollinedia uleana,Mollinedia uleana
Mollinedia widgrenii,Mollinedia widgrenii
Monteverdia ardisiifolia,Monteverdia ardisiifolia
Monteverdia cestrifolia,Monteverdia cestrifolia
Monteverdia glaucescens,Monteverdia glaucescens
Monteverdia gonoclada,Monteverdia gonoclada
Monteverdia littoralis,Monteverdia littoralis
Moquiniastrum polymorphum,Moquiniastrum polymorphum
Mouriri chamissoana,Mouriri chamissoana
Mouriri myrtilloides,Mouriri myrtilloides
Myrceugenia acutata,Myrceugenia acutata
Myrceugenia acutiflora,Myrceugenia acutiflora
Myrceugenia bracteosa,Myrceugenia bracteosa
Myrceugenia brevipedicellata,Myrceugenia brevipedicellata
Myrceugenia campestris,Myrceugenia campestris
Myrceugenia cucullata,Myrceugenia cucullata
Myrceugenia franciscensis,Myrceugenia franciscensis
Myrceugenia gertii,Myrceugenia gertii
Myrceugenia kleinii,Myrceugenia kleinii
Myrceugenia miersiana,Myrceugenia miersiana
Myrceugenia myrcioides,Myrceugenia myrcioides
Myrceugenia ovalifolia,Myrceugenia ovalifolia
Myrceugenia ovata,Myrceugenia ovata
Myrceugenia pilotantha,Myrceugenia pilotantha
Myrceugenia rufescens,Myrceugenia rufescens
Myrceugenia scutellata,Myrceugenia scutellata
Myrcia aethusa,Myrcia aethusa
Myrcia amazonica,Myrcia amazonica
Myrcia bella,Myrcia bella
Myrcia bicarinata,Myrcia bicarinata
Myrcia bicolor,Myrcia bicolor
Myrcia coelosepala,Myrcia coelosepala
Myrcia costeira,Myrcia costeira
Myrcia diaphana,Myrcia diaphana
Myrcia dichrophylla,Myrcia dichrophylla
Myrcia dryadica,Myrcia dryadica
Myrcia excoriata,Myrcia excoriata
Myrcia ferruginosa,Myrcia ferruginosa
Myrcia glabra,Myrcia glabra
Myrcia grammica,Myrcia grammica
Myrcia grandiflora,Myrcia pubipetala
Myrcia guianensis,Myrcia guianensis
Myrcia hexasticha,Myrcia hexasticha
Myrcia insigniflora,Myrcia insigniflora
Myrcia insularis,Myrcia insularis
Myrcia laruotteana,Myrcia selloi
Myrcia laxiflora,Myrcia laxiflora
Myrcia lenheirensis,Myrcia lenheirensis
Myrcia lonchophylla,Myrcia lonchophylla
Myrcia macrocarpa,Myrcia macrocarpa
Myrcia multiflora,Myrcia multiflora
Myrcia neobrasiliensis,Myrcia loranthifolia
Myrcia neoclusiifolia,Myrcia neoclusiifolia
Myrcia neoobscura,Myrcia neoobscura
Myrcia neoregeliana,Myrcia neoregeliana
Myrcia neoriedeliana,Myrcia neoriedeliana
Myrcia neosuaveolens,Myrcia neosuaveolens
Myrcianthes pungens,Myrcianthes pungens
Myrcia obovata,Myrcia obovata
Myrcia palustris,Myrcia palustris
Myrcia plusiantha,Myrcia plusiantha
Myrcia pubiflora,Myrcia pubiflora
Myrcia racemosa,Myrcia racemosa
Myrcia retorta,Myrcia retorta
Myrcia retusa,Myrcia retusa
Myrciaria cuspidata,Myrciaria cuspidata
Myrciaria delicatula,Myrciaria delicatula
Myrciaria floribunda,Myrciaria floribunda
Myrciaria silveirana,Myrcia guianensis
Myrcia rufipes,Myrcia rufipes
Myrcia skortzoviana,Myrcia skortzoviana
Myrcia splendens,Myrcia splendens
Myrcia stictophylla,Myrcia stictophylla
Myrcia strigipes,Myrcia strigipes
Myrcia subalpestris,Myrcia subalpestris
Myrcia subcordata,Myrcia subcordata
Myrcia tomentosa,Myrcia tomentosa
Myrcia uberavensis,Myrcia uberavensis
Myrcia variabilis,Myrcia variabilis
Myrcia vestita,Myrcia vestita
Myriocoleopsis fluviatilis,Myriocoleopsis fluviatilis
Myrocarpus frondosus,Myrocarpus frondosus
Myrocarpus leprosus,Myrocarpus leprosus
Myroxylon peruiferum,Myroxylon peruiferum
Myrrhinium atropurpureum,Myrrhinium atropurpureum
Myrsine leuconeura,Myrsine leuconeura
Myrsine lineata,Myrsine lineata
Myrsine parvifolia,Myrsine parvifolia
Myrsine parvula,Myrsine parvula
Myrsine rubra,Myrsine rubra
Myrsine umbellata,Myrsine umbellata
Myrsine venosa,Myrsine venosa
Najas guadalupensis,Najas guadalupensis
Najas marina,Najas marina
Nasturtium officinale,Rorippa nasturtium-aquaticum
Nectandra angustifolia,Nectandra angustifolia
Nectandra barbellata,Nectandra barbellata
Nectandra cissiflora,Nectandra cissiflora
Nectandra cuspidata,Nectandra cuspidata
Nectandra debilis,Nectandra debilis
Nectandra hihua,Nectandra hihua
Nectandra lanceolata,Nectandra lanceolata
Nectandra leucantha,Nectandra leucantha
Nectandra megapotamica,Nectandra megapotamica
Nectandra membranacea,Nectandra membranacea
Nectandra nitidula,Nectandra nitidula
Nectandra oppositifolia,Nectandra oppositifolia
Nectandra paranaensis,Nectandra paranaensis
Nectandra psammophila,Nectandra psammophila
Nectandra puberula,Nectandra puberula
Nectandra reticulata,Nectandra reticulata
Neomitranthes regeliana,Neomitranthes regeliana
Neomitranthes warmingiana,Neomitranthes warmingiana
Neoregelia laevis,Neoregelia laevis
Nerium oleander,Nerium oleander
Nitella flexilis,Nitella flexilis
Nitella oligospira,Nitella oligospira
Nymphaea lotus,Nymphaea lotus
Ocotea aciphylla,Ocotea aciphylla
Ocotea basicordatifolia,Ocotea basicordatifolia
Ocotea brachybotrya,Ocotea brachybotrya
Ocotea cantareirae,Ocotea lancifolia
Ocotea catharinensis,Ocotea catharinensis
Ocotea corymbosa,Ocotea corymbosa
Ocotea diospyrifolia,Ocotea diospyrifolia
Ocotea dispersa,Ocotea dispersa
Ocotea divaricata,Ocotea divaricata
Ocotea domatiata,Ocotea minarum
Ocotea glauca,Ocotea glauca
Ocotea glaziovii,Ocotea glaziovii
Ocotea indecora,Ocotea indecora
Ocotea inhauba,Ocotea inhauba
Ocotea lanata,Ocotea lanata
Ocotea minarum,Ocotea minarum
Ocotea nutans,Ocotea nutans
Ocotea porosa,Ocotea porosa
Ocotea pretiosa,Ocotea odorifera
Ocotea puberula,Ocotea puberula
Ocotea pulchra,Ocotea pulchra
Ocotea teleiandra,Ocotea teleiandra
Ocotea velutina,Ocotea velutina
Ocotea venulosa,Ocotea venulosa
Oeceoclades maculata,Oeceoclades maculata
Opuntia arechavaletae,Opuntia monacantha
Opuntia monacantha,Opuntia monacantha
Oreopanax capitatus,Oreopanax capitatus
Ormosia fastigiata,Ormosia fastigiata
Ormosia minor,Ormosia minor
Ossaea angustifolia,Leandra angustifolia
Ouratea multiflora,Ouratea multiflora
Ouratea parviflora,Ouratea parviflora
Ouratea salicifolia,Ouratea salicifolia
Ouratea semiserrata,Ouratea semiserrata
Pachira aquatica,Pachira aquatica
Pachystroma longifolium,Pachystroma longifolium
Palicourea forsteronioides,Palicourea forsteronioides
Palicourea gracilenta,Palicourea gracilenta
Palicourea hoffmannseggiana,Palicourea hoffmannseggiana
Palicourea malaneoides,Palicourea malaneoides
Palicourea racemosa,Palicourea racemosa
Panicum millegrana,Panicum millegrana
Panicum repens,Panicum repens
Panopsis rubescens,Panopsis rubescens
Parapiptadenia rigida,Parapiptadenia rigida
Paratheria prostrata,Paratheria prostrata
Paspalum densum,Paspalum densum
Paspalum distichum,Paspalum distichum
Paspalum maculosum,Paspalum maculosum
Paspalum repens,Paspalum repens
Paspalum riparium,Paspalum melanospermum
Paspalum vaginatum,Paspalum vaginatum
Paypayrola blanchetiana,Paypayrola blanchetiana
Pelexia sceptrum,Pachygenium sceptrum
Peltophorum dubium,Peltophorum dubium
Pentodon pentandrus,Pentodon pentandrus
Pera furfuracea,Pera furfuracea
Pera glabrata,Pera glabrata
Pera heteranthera,Pera heteranthera
Pereskia aculeata,Pereskia aculeata
Pereskia grandifolia,Pereskia grandifolia
Periandra heterophylla,Periandra heterophylla
Periandra mediterranea,Periandra mediterranea
Persea alba,Persea alba
Persea major,Persea major
Persea pyrifolia,Persea willdenovii
Persea venosa,Persea venosa
Persicaria hydropiperoides,Polygonum hydropiperoides
Pharus latifolius,Pharus latifolius
Phaseolus lunatus,Phaseolus lunatus
Philyra brasiliensis,Philyra brasiliensis
Phragmipedium vittatum,Phragmipedium vittatum
Phyllanthus riedelianus,Phyllanthus riedelianus
Phyllostylon rhamnoides,Phyllostylon rhamnoides
Physalis angulata,Physalis angulata
Physominthe vitifolia,Physominthe vitifolia
Picramnia ciliata,Picramnia ciliata
Picramnia gardneri,Picramnia gardneri
Picramnia glazioviana,Picramnia glazioviana
Picramnia ramiflora,Picramnia ramiflora
Pilocarpus pauciflorus,Pilocarpus pauciflorus
Pilocarpus spicatus,Pilocarpus spicatus
Pilosocereus machrisii,Pilosocereus machrisii
Pimenta pseudocaryophyllus var. hoehnei,Pimenta pseudocaryophyllus var. hoehnei
Piper aduncum,Piper aduncum
Piper aequale,Piper aequale
Piper amalago,Piper amalago
Piper cernuum,Piper cernuum
Piper crassinervium,Piper crassinervium
Piper hispidum,Piper hispidum
Piptadenia adiantoides,Piptadenia adiantoides
Piptadenia gonoacantha,Piptadenia gonoacantha
Piptadenia loefgreniana,Piptadenia micracantha
Piptadenia macradenia,Piptadenia gonoacantha
Piptadenia micracantha,Piptadenia micracantha
Piptadenia paniculata,Piptadenia paniculata
Piptocarpha axillaris,Piptocarpha axillaris
Piptocarpha densifolia,Piptocarpha densifolia
Piptocarpha longipedunculata,Piptocarpha longipedunculata
Piptocarpha macropoda,Piptocarpha macropoda
Piptocarpha organensis,Piptocarpha organensis
Pisonia aculeata,Pisonia aculeata
Pistia stratiotes,Pistia stratiotes
Plantago major,Plantago major
Plathymenia foliolosa,Plathymenia reticulata
Plathymenia reticulata,Plathymenia reticulata
Platymiscium floribundum,Platymiscium floribundum
Platypodium elegans,Platypodium elegans
Pleradenophora membranifolia,Pleradenophora membranifolia
Pleroma mutabile,Pleroma mutabile
Pleurothallis carinifera,Pabstiella carinifera
Pleurothallis miniatolineolata,Pabstiella miniatolineolata
Plinia cauliflora,Plinia peruviana
Plinia phitrantha,Plinia phitrantha
Plinia rivularis,Plinia rivularis
Plinia rogersiana,Plinia rogersiana
Plinia silvestris,Plinia silvestris
Podocarpus lambertii,Podocarpus lambertii
Podocarpus sellowii,Podocarpus sellowii
Podostemum ovatum,Podostemum ovatum
Poecilanthe parviflora,Poecilanthe parviflora
Poiretia latifolia,Poiretia latifolia
Polygonum punctatum,Polygonum punctatum
Posoqueria latifolia,Posoqueria latifolia
Posoqueria longiflora,Posoqueria longiflora
Potamogeton pusillus,Potamogeton pusillus
Pourouma guianensis,Pourouma guianensis
Pouteria beaurepairei,Pouteria beaurepairei
Pouteria bullata,Pouteria bullata
Pouteria caimito,Pouteria caimito
Pouteria gardneri,Pouteria gardneri
Pouteria gardneriana,Pouteria gardneriana
Pouteria oxypetala,Pouteria oxypetala
Pouteria peduncularis,Pouteria gardneri
Pouteria psammophila,Pouteria psammophila
Pouteria ramiflora,Pouteria ramiflora
Pouteria reticulata subsp. surinamensis,Pouteria reticulata
Pouteria venosa,Pouteria venosa
Praecereus euchlorus,Praecereus euchlorus
Protium brasiliense,Protium brasiliense
Protium ovatum,Protium ovatum
Protium widgrenii,Protium widgrenii
Pseudobombax longiflorum,Pseudobombax longiflorum
Pseudobombax marginatum,Pseudobombax marginatum
Pseudobombax tomentosum,Pseudobombax tomentosum
Pseudolmedia hirtula,Pseudolmedia hirtula
Pseudolmedia laevigata,Pseudolmedia laevigata
Psidium australe,Psidium australe
Psidium cinereum,Psidium grandifolium
Psidium guajava,Psidium guajava
Psidium guineense,Psidium guineense
Psidium rufum var. widgrenianum,Psidium rufum var. widgrenianum
Psidium salutare,Psidium salutare
Psidium striatulum,Psidium striatulum
Psychotria anceps,Psychotria anceps
Psychotria fluminensis,Psychotria fluminensis
Psychotria glaziovii,Psychotria glaziovii
Psychotria laciniata,Psychotria laciniata
Psychotria mapourioides,Psychotria pedunculosa
Psychotria nemorosa,Psychotria nemorosa
Psychotria nuda,Psychotria nuda
Psychotria subspathulata,Psychotria subspathulata
Pteris vittata,Pteris vittata
Pterodon emarginatus,Pterodon emarginatus
Pterogyne nitens,Pterogyne nitens
Qualea cordata,Qualea cordata
Qualea grandiflora,Qualea grandiflora
Randia armata,Randia armata
Rhamnidium elaeocarpum,Rhamnidium elaeocarpum
Rhipsalis agudoensis,Rhipsalis agudoensis
Rhipsalis burchellii,Rhipsalis burchellii
Rhipsalis campos-portoana,Rhipsalis campos-portoana
Rhipsalis cereuscula,Rhipsalis cereuscula
Rhipsalis clavata,Rhipsalis clavata
Rhipsalis crispata,Rhipsalis crispata
Rhipsalis dissimilis,Rhipsalis dissimilis
Rhipsalis elliptica,Rhipsalis elliptica
Rhipsalis floccosa,Rhipsalis floccosa
Rhipsalis grandiflora,Rhipsalis grandiflora
Rhipsalis juengeri,Rhipsalis juengeri
Rhipsalis lindbergiana,Rhipsalis lindbergiana
Rhipsalis neves-armondii,Rhipsalis neves-armondii
Rhipsalis oblonga,Rhipsalis oblonga
Rhipsalis olivifera,Rhipsalis olivifera
Rhipsalis pachyptera,Rhipsalis pachyptera
Rhipsalis paradoxa,Rhipsalis paradoxa
Rhipsalis pilocarpa,Rhipsalis pilocarpa
Rhipsalis pulchra,Rhipsalis pulchra
Rhipsalis puniceodiscus,Rhipsalis puniceodiscus
Rhipsalis teres,Rhipsalis teres
Rhipsalis trigona,Rhipsalis trigona
Rhizophora mangle,Rhizophora mangle
Rhodostemonodaphne macrocalyx,Rhodostemonodaphne macrocalyx
Rhynchosia minima,Rhynchosia minima
Rhynchospora eximia,Rhynchospora eximia
Rhynchospora holoschoenoides,Rhynchospora holoschoenoides
Rhynchospora rugosa,Rhynchospora rugosa
Rhynchospora triflora,Rhynchospora triflora
Roupala consimilis,Roupala consimilis
Roupala longipetiolata,Roupala montana var. paraensis
Roupala meisneri,Roupala meisneri
Roupala montana,Roupala montana
Rudgea coriacea,Rudgea coriacea
Rudgea coronata,Rudgea coronata
Rudgea jasminoides,Rudgea jasminoides
Rudgea nodosa,Rudgea nodosa
Rudgea pachyphylla,Rudgea pachyphylla
Rudgea recurva,Rudgea recurva
Rudgea tomentosa,Rudgea viburnoides subsp. viburnoides
Ruppia maritima,Ruppia maritima
Ruprechtia laxiflora,Ruprechtia laxiflora
Saccharum angustifolium,Saccharum angustifolium
Saccharum villosum,Saccharum villosum
Sacciolepis indica,Sacciolepis indica
Salacia elliptica,Salacia elliptica
Salacia grandifolia,Salacia grandifolia
Salix humboldtiana,Salix humboldtiana
Salvertia convallariodora,Salvertia convallariodora
Sapindus saponaria,Sapindus saponaria
Sapium sellowianum,Sapium sellowianum
Sauroglossum nitidum,Buchtienia nitida
Sauvagesia erecta,Sauvagesia erecta
Scaevola plumieri,Scaevola plumieri
Schaefferia argentinensis,Schaefferia argentinensis
Schefflera angustissima,Didymopanax angustissimus
Schefflera macrocarpa,Didymopanax macrocarpus
Schefflera morototoni,Didymopanax morototoni
Schefflera vinosa,Didymopanax vinosus
Schinus engleri,Schinus engleri
Schinus ramboi,Schinus ramboi
Schizocalyx cuspidatus,Schizocalyx cuspidatus
Schizolobium parahyba,Schizolobium parahyba
Schlegelia parviflora,Schlegelia parviflora
Schlumbergera opuntioides,Schlumbergera opuntioides
Schlumbergera orssichiana,Schlumbergera orssichiana
Schlumbergera truncata,Schlumbergera truncata
Scleria acanthocarpa,Scleria acanthocarpa
Scleria balansae,Scleria balansae
Scleria bracteata,Scleria bracteata
Scleria distans,Scleria distans
Scleria gaertneri,Scleria gaertneri
Scleria hirtella,Scleria hirtella
Scleria latifolia,Scleria latifolia
Scleria leptostachya,Scleria leptostachya
Scleria microcarpa,Scleria microcarpa
Scleria mitis,Scleria mitis
Scleria muehlenbergii,Scleria reticularis
Scleria panicoides,Scleria panicoides
Scleria plusiophylla,Scleria plusiophylla
Scleria scabra,Scleria scabra
Scleria secans,Scleria secans
Scleria sororia,Scleria sororia
Scleria tenella,Scleria tenella
Scleria virgata,Scleria virgata
Sclerolobium denudatum,Tachigali denudata
Sebastiania klotzschiana,Gymnanthes klotzschiana
Sebastiania schottiana,Gymnanthes schottiana
Senefeldera verticillata,Senefeldera verticillata
Senegalia hatschbachii,Senegalia hatschbachii
Senegalia irwinii,Senegalia irwinii
Senegalia martii,Senegalia martii
Senegalia polyphylla,Senegalia polyphylla
Senegalia riparia,Senegalia riparia
Senna alata,Senna alata
Senna cana,Senna cana
Senna corymbosa,Senna corymbosa
Senna macranthera,Senna macranthera
Senna mucronifera,Senna mucronifera
Senna obtusifolia,Senna obtusifolia
Senna pendula,Senna pendula
Senna reticulata,Senna reticulata
Senna rugosa,Senna rugosa
Senna silvestris,Senna silvestris
Senna spectabilis,Senna spectabilis
Senna trachypus,Senna trachypus
Sesbania punicea,Sesbania punicea
Sesbania virgata,Sesbania virgata
Sessea brasiliensis,Sessea brasiliensis
Setaria parviflora,Setaria parviflora
Setaria sphacelata,Setaria sphacelata
Simira pilosa,Simira hexandra
Simira sampaioana,Simira sampaioana
Siparuna guianensis,Siparuna guianensis
Siphoneugena crassifolia,Siphoneugena crassifolia
Siphoneugena kiaerskoviana,Siphoneugena kiaerskoviana
Siphoneugenia densiflora,Siphoneugena densiflora
Siphoneugenia widgreniana,Siphoneugena crassifolia
Skeptrostachys arechavaletanii,Skeptrostachys arechavaletanii
Sloanea garckeana,Sloanea garckeana
Sloanea guianensis,Sloanea guianensis
Solanum argenteum,Solanum argenteum
Solanum bullatum,Solanum bullatum
Solanum caavurana,Solanum caavurana
Solanum capoerum,Solanum capoerum
Solanum carautae,Solanum carautae
Solanum castaneum,Solanum castaneum
Solanum cernuum,Solanum cernuum
Solanum cinnamomeum,Solanum cinnamomeum
Solanum crinitum,Solanum crinitum
Solanum granuloso-leprosum,Solanum granulosoleprosum
Solanum inaequale,Solanum pseudoquina
Solanum kleinii,Solanum kleinii
Solanum lacerdae,Solanum lacerdae
Solanum latiflorum,Solanum latiflorum
Solanum leptostachys,Solanum leptostachys
Solanum lycocarpum,Solanum lycocarpum
Solanum melissarum,Solanum melissarum
Solanum pabstii,Solanum pabstii
Solanum paniculatum,Solanum paniculatum
Solanum paralum,Solanum paralum
Solanum pinetorum,Solanum pinetorum
Solanum rufescens,Solanum rufescens
Solanum sciadostylis,Solanum sciadostylis
Solanum symmetricum,Solanum symmetricum
Solanum variabile,Solanum variabile
Solanum viarum,Solanum viarum
Sorghastrum stipoides,Sorghastrum stipoides
Sorghum arundinaceum,Sorghum bicolor subsp. arundinaceum
Sorocea guilleminiana,Sorocea guilleminiana
Sorocea hilarii,Sorocea hilarii
Sorocea racemosa,Sorocea racemosa
Spathodea campanulata,Spathodea campanulata
Sphagnum brasiliense,Sphagnum brasiliense
Sphenoclea zeylanica,Sphenoclea zeylanica
Spondias mombin,Spondias mombin
Spondias venulosa,Spondias venulosa
Stelis itatiayae,Stelis argentata
Stelis ruprechtiana,Stelis ruprechtiana
Stephanopodium estrellense,Stephanopodium estrellense
Sterculia striata,Sterculia striata
Stifftia chrysantha,Stifftia chrysantha
Stillingia oppositifolia,Stillingia oppositifolia
Strychnos brasiliensis,Strychnos brasiliensis
Strychnos rubiginosa,Strychnos rubiginosa
Stryphnodendron polyphyllum,Stryphnodendron polyphyllum
Stryphnodendron rotundifolium,Stryphnodendron rotundifolium
Stylosanthes bracteata,Stylosanthes bracteata
Styrax camporum,Styrax camporum
Styrax latifolius,Styrax latifolius
Styrax leprosus,Styrax leprosus
Styrax martii,Styrax martii
Styrax sieberi,Styrax sieberi
Sweetia fruticosa,Sweetia fruticosa
Syagrus pseudococos,Syagrus pseudococos
Symplocos estrellensis,Symplocos estrellensis
Symplocos glanduloso-marginata,Symplocos glandulosomarginata
Symplocos laxiflora,Symplocos laxiflora
Symplocos nitidiflora,Symplocos nitidiflora
Symplocos oblongifolia,Symplocos oblongifolia
Symplocos pentandra,Symplocos pentandra
Symplocos platyphylla,Symplocos platyphylla
Symplocos pustulosa,Symplocos pustulosa
Symplocos rizzinii,Symplocos rizzinii
Symplocos tetrandra,Symplocos tetrandra
Symplocos uniflora,Symplocos uniflora
Tabebuia impetiginosa,Handroanthus impetiginosus
Tabernaemontana catharinensis,Tabernaemontana catharinensis
Tabernaemontana hystrix,Tabernaemontana hystrix
Tabernaemontana laeta,Tabernaemontana laeta
Tachigali vulgaris,Tachigali vulgaris
Tapirira guianensis,Tapirira guianensis
Tapirira obtusa,Tapirira obtusa
Tecoma stans,Tecoma stans
Terminalia argentea,Terminalia argentea
Terminalia hoehneana,Terminalia hoehneana
Terminalia januariensis,Terminalia januariensis
Terminalia kleinii,Terminalia kleinii
Terminalia phaeocarpa,Terminalia phaeocarpa
Terminalia reitzii,Terminalia triflora
Terminalia triflora,Terminalia triflora
Ternstroemia alnifolia,Ternstroemia alnifolia
Ternstroemia cuneifolia,Ternstroemia cuneifolia
Tetrorchidium rubrivenium,Tetrorchidium rubrivenium
Thalia geniculata,Thalia geniculata
Thelypteris tetragona,Goniopteris tetragona
Tibouchina clavata,Pleroma clavatum
Tibouchina estrellensis,Pleroma estrellense
Tibouchina regnellii,Pleroma andersregnellii
Tibouchina reitzii,Pleroma reitzii
Tibouchina sellowiana,Pleroma sellowianum
Tillandsia geminiflora,Tillandsia geminiflora
Tillandsia pseudomontana,Tillandsia tenuifolia
Tillandsia usneoides,Tillandsia usneoides
Tococa guianensis,Tococa guianensis
Tocoyena brasiliensis,Tocoyena brasiliensis
Tonina fluviatilis,Tonina fluviatilis
Torenia thouarsii,Torenia thouarsii
Tournefortia bicolor,Heliotropium funkiae
Tovomitopsis paniculata,Tovomitopsis paniculata
Trembleya parviflora,Trembleya parviflora
Trichanthecium parvifolium,Trichanthecium parvifolium
Trichilia casaretti,Trichilia casaretti
Trichilia elegans,Trichilia elegans
Trichilia emarginata,Trichilia emarginata
Trichilia hirta,Trichilia hirta
Trichilia lepidota,Trichilia lepidota
Trichilia lepidota subsp. schumanniana,Trichilia lepidota subsp. schumanniana
Trichilia pallens,Trichilia pallens
Trichilia silvatica,Trichilia silvatica
Triplaris americana,Triplaris americana
Tripodanthus acutifolius,Tripodanthus acutifolius
Tripsacum andersonii,Tripsacum andersonii
Triumfetta bogotensis,Triumfetta bogotensis
Triumfetta semitriloba,Triumfetta semitriloba
Ulex europaeus,Ulex europaeus
Unonopsis guatterioides,Unonopsis guatterioides
Urbanodendron bahiense,Urbanodendron bahiense
Urena lobata,Urena lobata
Urera baccifera,Urera baccifera
Urera caracasana,Urera caracasana
Utricularia amethystina,Utricularia amethystina
Utricularia breviscapa,Utricularia breviscapa
Utricularia cucullata,Utricularia cucullata
Utricularia erectiflora,Utricularia erectiflora
Utricularia foliosa,Utricularia foliosa
Utricularia gibba,Utricularia gibba
Utricularia hispida,Utricularia hispida
Utricularia hydrocarpa,Utricularia hydrocarpa
Utricularia longifolia,Utricularia longifolia
Utricularia nana,Utricularia nana
Utricularia nelumbifolia,Utricularia nelumbifolia
Utricularia neottioides,Utricularia neottioides
Utricularia nervosa,Utricularia nervosa
Utricularia nigrescens,Utricularia nigrescens
Utricularia olivacea,Utricularia olivacea
Utricularia praelonga,Utricularia praelonga
Utricularia pubescens,Utricularia pubescens
Utricularia pusilla,Utricularia pusilla
Utricularia reniformis,Utricularia reniformis
Utricularia subulata,Utricularia subulata
Utricularia trichophylla,Utricularia trichophylla
Utricularia tricolor,Utricularia tricolor
Utricularia warmingii,Utricularia warmingii
Vandellia diffusa,Lindernia diffusa
Vantanea compacta,Vantanea compacta
Varronia polycephala,Varronia polycephala
Vassobia breviflora,Vassobia breviflora
Vernonanthura discolor,Vernonanthura discolor
Vernonanthura divaricata,Vernonanthura divaricata
Vernonanthura petiolaris,Vernonanthura petiolaris
Veronica peregrina,Veronica peregrina
Vigna adenantha,Leptospron adenanthum
Vigna longifolia,Vigna longifolia
Vigna luteola,Vigna luteola
Virola gardneri,Virola gardneri
Virola sebifera,Virola sebifera
Vismia brasiliensis,Vismia brasiliensis
Vismia micrantha,Vismia micrantha
Vitex cymosa,Vitex cymosa
Vitex megapotamica,Vitex megapotamica
Vitex mexiae,Vitex mexiae
Vitex polygama,Vitex polygama
Vitex sellowiana,Vitex sellowiana
Vochysia magnifica,Vochysia magnifica
Vochysia oppugnata,Vochysia oppugnata
Vochysia rufa,Vochysia rufa
Vochysia thyrsoidea,Vochysia thyrsoidea
Vochysia tucanorum,Vochysia tucanorum
Vriesea bituminosa,Vriesea bituminosa
Weinmannia humilis,Weinmannia humilis
Wolffia arrhiza,Wolffia arrhiza
Wolffia brasiliensis,Wolffia brasiliensis
Wunderlichia mirabilis,Wunderlichia mirabilis
Xanthosoma striatipes,Xanthosoma striatipes
Ximenia americana,Ximenia americana
Xylopia aromatica,Xylopia aromatica
Xylopia emarginata,Xylopia emarginata
Xylosma ciliatifolia,Xylosma ciliatifolia
Xylosma prockia,Xylosma prockia
Xylosma pseudosalzmannii,Xylosma pseudosalzmannii
Xylosma venosa,Xylosma venosa
Xyris anceps,Xyris anceps
Xyris capensis,Xyris capensis
Zanthoxylum acuminatum,Zanthoxylum acuminatum
Zanthoxylum caribaeum,Zanthoxylum caribaeum
Zanthoxylum fagara,Zanthoxylum fagara
Zanthoxylum monogynum,Zanthoxylum monogynum
Zanthoxylum rhoifolium,Zanthoxylum rhoifolium
Zanthoxylum riedelianum,Zanthoxylum riedelianum
Zanthoxylum tingoassuiba,Zanthoxylum tingoassuiba
Zeyheria tuberculosa,Zeyheria tuberculosa
Zollernia glabra,Zollernia glabra
Zollernia ilicifolia,Zollernia ilicifolia
Zornia pardina,Zornia pardina
Zygopetalum crinitum,Zygopetalum crinitum
