familia,especie_autor,especie_original,cat_ameaca_sp,fonte
Acanthaceae,Aphelandra squarrosa Nees,Aphelandra squarrosa,EW,SP_oficial
Acanthaceae,Lepidagathis meridionalis Kameyama,Lepidagathis meridionalis,VU,SP_oficial
Acanthaceae,Staurogyne itatiaiae (Wawra) Leonard,Staurogyne itatiaiae,EN,SP_oficial
Acanthaceae,Stenandrium diphyllum Nees,Stenandrium diphyllum,EX,SP_oficial
Acanthaceae,Stenandrium mandioccanum Nees,Stenandrium mandioccanum,VU,SP_oficial
Alismataceae,Echinodorus paniculatus Micheli,Echinodorus paniculatus,EX,SP_oficial
Alismataceae,Limnocharis laforestii Duchass,Limnocharis laforestii,VU,SP_oficial
Alstroemeriaceae,Alstroemeria apertiflora Baker,Alstroemeria apertiflora,EN,SP_oficial
Alstroemeriaceae,Alstroemeria caryophyllaea Jacq.,Alstroemeria caryophyllaea,EW,SP_oficial
Alstroemeriaceae,Alstroemeria foliosa Mart.ex Schult & Schult. f.,Alstroemeria foliosa,EN,SP_oficial
Alstroemeriaceae,Alstroemeria plantaginea Mart. ex Schult & Schult. f.,Alstroemeria plantaginea,EN,SP_oficial
Amaranthaceae,Alternanthera aquatica (D. Parodi) Chodat,Alternanthera aquatica,VU,SP_oficial
Amaranthaceae,Alternanthera bahiensis Pedersen,Alternanthera bahiensis,VU,SP_oficial
Amaranthaceae,Alternanthera flavescens Kunth,Alternanthera flavescens,VU,SP_oficial
Amaranthaceae,Alternanthera micrantha R.E. Fr.,Alternanthera micrantha,VU,SP_oficial
Amaranthaceae,Alternanthera paronychioides A.St.-Hil.,Alternanthera paronychioides,EX,SP_oficial
Amaranthaceae,Alternanthera reinekii Briq.,Alternanthera reinekii,VU,SP_oficial
Amaranthaceae,Alternanthera lanceolata (Benth.) Schinz,Alternanthera lanceolata,VU,SP_oficial
Amaranthaceae,Gomphrena agrestis Mart.,Gomphrena agrestis,VU,SP_oficial
Amaranthaceae,Gomphrena elegans Mart.,Gomphrena elegans,VU,SP_oficial
Amaranthaceae,Herbstia brasiliana (Moq.) Sohmer,Herbstia brasiliana,EX,SP_oficial
Amaranthaceae,Quaternella glabratoides (Suess.) Pedersen,Quaternella glabratoides,EN,SP_oficial
Amaryllidaceae,Crinum americanum L.,Crinum americanum,VU,SP_oficial
Amaryllidaceae,Eithea blumenavia (K.Koch & C.D.Bouché ex Carrière) Ravenna,Eithea blumenavia,EN,SP_oficial
Amaryllidaceae,Griffinia hyacinthina Ker Gawl.,Griffinia hyacinthina,EN,SP_oficial
Amaryllidaceae,Hippeastrum angustifolium Pax,Hippeastrum angustifolium,EW,SP_oficial
Amaryllidaceae,Hippeastrum blossfeldiae (Traub & L.J.Doran) van Scheepen,Hippeastrum blossfeldiae,VU,SP_oficial
Amaryllidaceae,Hippeastrum morelianum Lem.,Hippeastrum morelianum,VU,SP_oficial
Amaryllidaceae,Hippeastrum psittacinum (Ker Gawl.) Herb.,Hippeastrum psittacinum,EN,SP_oficial
Amaryllidaceae,Hippeastrum reginae (L.) Herb.,Hippeastrum reginae,EN,SP_oficial
Amaryllidaceae,Hippeastrum striatum (Lam.) Moore,Hippeastrum striatum,EN,SP_oficial
Amaryllidaceae,Zephyranthes candida (Lindl.) Herb.,Zephyranthes candida,EN,SP_oficial
Annonaceae,Annona glaucophylla R.E.Fr.,Annona glaucophylla,EX,SP_oficial
Annonaceae,Annona ubatubensis (Maas & Westra) H.Rainer,Annona ubatubensis,EN,SP_oficial
Annonaceae,Annona xylopiifolia A.St.-Hil. & Tul.,Annona xylopiifolia,EX,SP_oficial
Annonaceae,Duguetia salicifolia R.E.Fr.,Duguetia salicifolia,VU,SP_oficial
Annonaceae,Trigynaea oblongifolia Schltdl.,Trigynaea oblongifolia,EN,SP_oficial
Apiaceae,Apium prostratum Labill.,Apium prostratum,VU,SP_oficial
Apiaceae,Eryngium glaziovianum Urb.,Eryngium glaziovianum,EX,SP_oficial
Apiaceae,Eryngium koehneanum Urb.,Eryngium koehneanum,EN,SP_oficial
Apiaceae,Eryngium sanguisorba Cham. & Schltdl.,Eryngium sanguisorba,EX,SP_oficial
Apiaceae,Eryngium scirpinum Cham.,Eryngium scirpinum,EN,SP_oficial
Apiaceae,Eryngium stenophyllum Urb.,Eryngium stenophyllum,EX,SP_oficial
Apiaceae,Hydrocotyle exigua (Urb.) Malme,Hydrocotyle exigua,EN,SP_oficial
Apiaceae,Hydrocotyle langsdorffii DC.,Hydrocotyle langsdorffii,EX,SP_oficial
Apiaceae,Hydrocotyle pusilla A.Rich.,Hydrocotyle pusilla,EX,SP_oficial
Apiaceae,Spananthe paniculata Jacq.,Spananthe paniculata,EX,SP_oficial
Apocynaceae,Asclepias aequicornu E.Fourn.,Asclepias aequicornu,EN,SP_oficial
Apocynaceae,Asclepias langsdorfii E.Fourn.,Asclepias langsdorfii,EX,SP_oficial
Apocynaceae,Aspidosperma macrocarpon Mart.,Aspidosperma macrocarpon,VU,SP_oficial
Apocynaceae,Aspidosperma nobile Müll.Arg.,Aspidosperma nobile,CR,SP_oficial
Apocynaceae,Aspidosperma quirandy Hassl.,Aspidosperma quirandy,EN,SP_oficial
Apocynaceae,Aspidosperma riedelii Müll.Arg.,Aspidosperma riedelii,EN,SP_oficial
Apocynaceae,Aspidosperma spruceanum Benth. ex Müll.Arg.,Aspidosperma spruceanum,EN,SP_oficial
Apocynaceae,Ditassa lagoensis E.Fourn.,Ditassa lagoensis,EX,SP_oficial
Apocynaceae,Macroditassa marianae Fontella & Ferreira,Macroditassa marianae,EN,SP_oficial
Apocynaceae,Macroscepis magnifica Malme,Macroscepis magnifica,EX,SP_oficial
Apocynaceae,Mandevilla fragrans (Staldem.) Woodson,Mandevilla fragrans,EX,SP_oficial
Apocynaceae,Mandevilla sellowii (Müll.Arg.) Woodson,Mandevilla sellowii,EX,SP_oficial
Apocynaceae,Mandevilla venulosa (Müll.Arg.) Woodson,Mandevilla venulosa,VU,SP_oficial
Apocynaceae,Matelea glaziovii (E.Fourn.) Morillo,Matelea glaziovii,VU,SP_oficial
Apocynaceae,Matelea marcoassisii Fontella,Matelea marcoassisii,VU,SP_oficial
Apocynaceae,Oxypetalum confusum Malme,Oxypetalum confusum,EX,SP_oficial
Apocynaceae,Oxypetalum ekblomii Malme,Oxypetalum ekblomii,EN,SP_oficial
Apocynaceae,Oxypetalum glaziovii (E.Fourn.) Fontella & Marquete,Oxypetalum glaziovii,EN,SP_oficial
Apocynaceae,Oxypetalum regnellii (Malme) Malme,Oxypetalum regnellii,VU,SP_oficial
Apocynaceae,Oxypetalum strictum Mart.,Oxypetalum strictum,EX,SP_oficial
Apocynaceae,Prestonia bahiensis Müll.Arg.,Prestonia bahiensis,EX,SP_oficial
Apocynaceae,Prestonia solanifolia (Müll.Arg.) Woodson,Prestonia solanifolia,EX,SP_oficial
Apocynaceae,Widgrenia corymbosa Malme,Widgrenia corymbosa,EX,SP_oficial
Araceae,Anthurium ameliae Nadruz & Catharino,Anthurium ameliae,VU,SP_oficial
Araceae,Anthurium bocainense Catharino & Nadruz,Anthurium bocainense,VU,SP_oficial
Araceae,Asterostigma colubrinum Schott,Asterostigma colubrinum,VU,SP_oficial
Araceae,Asterostigma cubense Bogner,Asterostigma cubense,VU,SP_oficial
Araceae,Asterostigma lombardii E.G.Gonç.,Asterostigma lombardii,VU,SP_oficial
Araceae,Asterostigma tweedianum Schott,Asterostigma tweedianum,VU,SP_oficial
Araceae,Heteropsis oblongifolia Kunth,Heteropsis oblongifolia,VU,SP_oficial
Araceae,Philodendron bipennifolium Schott,Philodendron bipennifolium,VU,SP_oficial
Araceae,Philodendron simonianum Sakur.,Philodendron simonianum,VU,SP_oficial
Araceae,Rhodospatha oblongata Poepp. & Endl.,Rhodospatha oblongata,VU,SP_oficial
Araceae,Taccarum peregrinum (Schott) Engl.,Taccarum peregrinum,VU,SP_oficial
Araceae,Urospatha edwallii Engl.,Urospatha edwallii,EX,SP_oficial
Araceae,Wolffia arrhiza (L.) Horkel ex Wimm.,Wolffia arrhiza,VU,SP_oficial
Araceae,Wolffia brasiliensis Wedd.,Wolffia brasiliensis,VU,SP_oficial
Araceae,Xanthosoma blandum Schott,Xanthosoma blandum,VU,SP_oficial
Araceae,Xanthosoma pentaphyllum (Vell.) Schott,Xanthosoma pentaphyllum,EX,SP_oficial
Araceae,Xanthosoma riedelianum (Schott) Schott,Xanthosoma riedelianum,EX,SP_oficial
Araceae,Xanthosoma syngoniifolium Rusby,Xanthosoma syngoniifolium,EW,SP_oficial
Araliaceae,Hydrocotyle langsdorffii DC.,Hydrocotyle langsdorffii,EX,SP_oficial
Araliaceae,Hydrocotyle pusilla A. Rich.,Hydrocotyle pusilla,EX,SP_oficial
Arecaceae,Acrocomia emensis (Toledo) Lorenzi,Acrocomia emensis,VU,SP_oficial
Arecaceae,Acrocomia hassleri (Barb.Rodr.) W.J.Hahn,Acrocomia hassleri,EN,SP_oficial
Arecaceae,Attalea oleifera Barb.Rodr.,Attalea oleifera,VU,SP_oficial
Arecaceae,Butia microspadix Burret,Butia microspadix,VU,SP_oficial
Arecaceae,Euterpe edulis Mart.,Euterpe edulis,VU,SP_oficial
Arecaceae,Mauritia flexuosa L.f.,Mauritia flexuosa,VU,SP_oficial
Aristolochiaceae,Aristolochia cymbifera Mart.,Aristolochia cymbifera,VU,SP_oficial
Aristolochiaceae,Aristolochia odora Steud.,Aristolochia odora,EX,SP_oficial
Asteraceae,Aldama aspilioides (Baker) E.E.Schill. & Panero,Aldama aspilioides,VU,SP_oficial
Asteraceae,Aspilia floribunda Baker,Aspilia floribunda,EN,SP_oficial
Asteraceae,Austrocritonia angulicaulis (Baker) R.M.King & H.Rob.,Austrocritonia angulicaulis,VU,SP_oficial
Asteraceae,Austroeupatorium rosmarinaceum (Cabrera & Vittet) R.M.King & H.Rob.,Austroeupatorium rosmarinaceum,EX,SP_oficial
Asteraceae,Barrosoa apiculata (Gardner) R.M.King & H.Rob.,Barrosoa apiculata,EX,SP_oficial
Asteraceae,Bidens bipinnata L.,Bidens bipinnata,EN,SP_oficial
Asteraceae,Calea acaulis Baker,Calea acaulis,EX,SP_oficial
Asteraceae,Calea gentianoides DC.,Calea gentianoides,EN,SP_oficial
Asteraceae,Calea polycephala (Baker) H.Rob.,Calea polycephala,VU,SP_oficial
Asteraceae,Campuloclinium parvulum (Glaziou ex B.L.Rob.) R.M.King & H.Rob.,Campuloclinium parvulum,VU,SP_oficial
Asteraceae,Campuloclinium riedelii (Baker) R.M.King & H.Rob.,Campuloclinium riedelii,EN,SP_oficial
Asteraceae,Chromolaena arrayana (Gardner) R.M.King & H.Rob.,Chromolaena arrayana,VU,SP_oficial
Asteraceae,Chromolaena elliptica (Hook. & Arn.) R.M.King & H.Rob.,Chromolaena elliptica,EX,SP_oficial
Asteraceae,Chromolaena latisquamulosa (Hiern.) R.M.King & H.Rob.,Chromolaena latisquamulosa,VU,SP_oficial
Asteraceae,Chromolaena rhinanthacea (DC.) R.M.King & H.Rob.,Chromolaena rhinanthacea,EX,SP_oficial
Asteraceae,Disynaphia ericoides (DC.) R.M.King & H.Rob.,Disynaphia ericoides,EN,SP_oficial
Asteraceae,Enhydra sessilis DC.,Enhydra sessilis,EX,SP_oficial
Asteraceae,Eremanthus elaeagnus (Mart. ex DC.) Sch.Bip.,Eremanthus elaeagnus,VU,SP_oficial
Asteraceae,Gochnatia rotundifolia Less.,Gochnatia rotundifolia,EX,SP_oficial
Asteraceae,Gyptis vernoniopsis (Schultz-Bip. ex Baker) R.M.King & H.Rob.,Gyptis vernoniopsis,EN,SP_oficial
Asteraceae,Hatschbachiella tweediana (Hook. & Arn.) R.M.King & H.Rob.,Hatschbachiella tweediana,EN,SP_oficial
Asteraceae,Heterocondylus amphidyctius (DC.) R.M.King & H.Rob.,Heterocondylus amphidyctius,VU,SP_oficial
Asteraceae,Heterocondylus lysimachioides (Chodat) R.M.King & H.Rob.,Heterocondylus lysimachioides,EX,SP_oficial
Asteraceae,Idiothamnus pseudorgyalis R.M.King & H.Rob.,Idiothamnus pseudorgyalis,VU,SP_oficial
Asteraceae,Lessingianthus asteriflorus (Mart. ex DC.),Lessingianthus asteriflorus,EN,SP_oficial
Asteraceae,Lessingianthus reitzianus (Cabrera) H.Rob.,Lessingianthus reitzianus,EN,SP_oficial
Asteraceae,Lessingianthus subcarduoides (H.Rob.) H.Rob.,Lessingianthus subcarduoides,EX,SP_oficial
Asteraceae,Lessingianthus zuccarinianus (Mart. ex DC.) H.Rob.,Lessingianthus zuccarinianus,VU,SP_oficial
Asteraceae,Lulia nervosa (Less.) Zardini,Lulia nervosa,EX,SP_oficial
Asteraceae,Mikania bradei B.L.Rob.,Mikania bradei,EX,SP_oficial
Asteraceae,Mikania stenomeres B.L.Rob.,Mikania stenomeres,EX,SP_oficial
Asteraceae,Neocabreria malachophylla (Klatt) R.M.King & H.Rob,Neocabreria malachophylla,VU,SP_oficial
Asteraceae,Piptocarpha brasiliana Cass.,Piptocarpha brasiliana,VU,SP_oficial
Asteraceae,Praxelis grandiflora (DC.) R.M.King & H.Rob.,Praxelis grandiflora,VU,SP_oficial
Asteraceae,Senecio langei Malme,Senecio langei,EX,SP_oficial
Asteraceae,Stevia alternifolia Hieron.,Stevia alternifolia,EX,SP_oficial
Asteraceae,Stevia leptophylla Sch.Bip. ex Baker,Stevia leptophylla,EN,SP_oficial
Asteraceae,Stevia pohliana Baker,Stevia pohliana,EX,SP_oficial
Asteraceae,Stevia riedelii Schultz-Bip. ex Baker,Stevia riedelii,EN,SP_oficial
Asteraceae,Steyermarkina dispalata (Gardner) R.M.King & H.Rob.,Steyermarkina dispalata,EX,SP_oficial
Asteraceae,Stomatanthes dentatus (Gardner) H.Rob.,Stomatanthes dentatus,VU,SP_oficial
Asteraceae,Stomatanthes dictyophyllus (DC.) H.Rob.,Stomatanthes dictyophyllus,EX,SP_oficial
Asteraceae,Stomatanthes loefgrenii (B.L. Rob.) H.Rob.,Stomatanthes loefgrenii,EN,SP_oficial
Asteraceae,Trixis glaziovii Baker,Trixis glaziovii,EX,SP_oficial
Asteraceae,Verbesina polyanthes Toledo,Verbesina polyanthes,EX,SP_oficial
Asteraceae,Wedelia puberula DC.,Wedelia puberula,EN,SP_oficial
Begoniaceae,Begonia brevilobata Irmsch.,Begonia brevilobata,EX,SP_oficial
Begoniaceae,Begonia handroi Brade,Begonia handroi,EX,SP_oficial
Begoniaceae,Begonia larorum L.B.Sm. & Wassh.,Begonia larorum,EX,SP_oficial
Begoniaceae,Begonia paulensis A.DC.,Begonia paulensis,VU,SP_oficial
Begoniaceae,Begonia piresiana Handro,Begonia piresiana,VU,SP_oficial
Begoniaceae,Begonia undulata Schott,Begonia undulata,EX,SP_oficial
Bignoniaceae,Adenocalymma ubatubense Assis & Semir,Adenocalymma ubatubense,CR,SP_oficial
Bignoniaceae,Anemopaegma arvense (Vell.) Stellfeld ex de Souza,Anemopaegma arvense,EN,SP_oficial
Bignoniaceae,Tabebuia cassinoides (Lam.) DC.,Tabebuia cassinoides,EN,SP_oficial
Bignoniaceae,Zeyheria tuberculosa (Vell.) Bareau ex Verl.,Zeyheria tuberculosa,VU,SP_oficial
Boraginaceae,Cordia silvestris Fresen.,Cordia silvestris,VU,SP_oficial
Boraginaceae,Cordia trichoclada A.DC.,Cordia trichoclada,VU,SP_oficial
Bromeliaceae,Aechmea apocalyptica Reitz,Aechmea apocalyptica,EX,SP_oficial
Bromeliaceae,Aechmea gamossepala Wittm.,Aechmea gamossepala,EX,SP_oficial
Bromeliaceae,Aechmea lingulata (L.) Baker,Aechmea lingulata,VU,SP_oficial
Bromeliaceae,Aechmea recurvata (Klotzsch) L.B.Sm.,Aechmea recurvata,VU,SP_oficial
Bromeliaceae,Aechmea setigera Mart. ex Shult.,Aechmea setigera,EX,SP_oficial
Bromeliaceae,Aechmea wittmackiana (Regel) Mez,Aechmea wittmackiana,VU,SP_oficial
Bromeliaceae,Billbergia alfonsi-joannis Reitz,Billbergia alfonsi-joannis,VU,SP_oficial
Bromeliaceae,Billbergia meyeri Mez,Billbergia meyeri,EX,SP_oficial
Bromeliaceae,Billbergia nutans H.Wendl. ex Regel,Billbergia nutans,VU,SP_oficial
Bromeliaceae,Bromelia interior L.B.Sm.,Bromelia interior,VU,SP_oficial
Bromeliaceae,Dyckia minarum Mez,Dyckia minarum,VU,SP_oficial
Bromeliaceae,Fernseea bocainensis Pereira & Coutinho,Fernseea bocainensis,CR,SP_oficial
Bromeliaceae,Fernseea itatiaiae (Wawra) Baker,Fernseea itatiaiae,EN,SP_oficial
Bromeliaceae,Hoehenbergia ridleyi (Baker) Mez,Hoehenbergia ridleyi,VU,SP_oficial
Bromeliaceae,Neoregelia bahiana (Ule) L.B.Sm.,Neoregelia bahiana,EX,SP_oficial
Bromeliaceae,Neoregelia binotti (Antoine) L.B.Sm.,Neoregelia binotti,EX,SP_oficial
Bromeliaceae,Neoregelia burle-marxii Read.,Neoregelia burle-marxii,VU,SP_oficial
Bromeliaceae,Neoregelia compacta (Mez) L.B.Sm.,Neoregelia compacta,VU,SP_oficial
Bromeliaceae,Neoregelia doeringiana L.B.Sm.,Neoregelia doeringiana,EX,SP_oficial
Bromeliaceae,Neoregelia maculata L.B.Sm.,Neoregelia maculata,EX,SP_oficial
Bromeliaceae,Neoregelia nivea Leme,Neoregelia nivea,VU,SP_oficial
Bromeliaceae,Neoregelia pontualii Leme,Neoregelia pontualii,VU,SP_oficial
Bromeliaceae,Nidularium bocainense Leme,Nidularium bocainense,VU,SP_oficial
Bromeliaceae,Nidularium campos-portoi (L.B.Sm.) Wand. & B.A.Moreira,Nidularium campos-portoi,VU,SP_oficial
Bromeliaceae,Nidularium corallinum (Leme) Leme,Nidularium corallinum,EN,SP_oficial
Bromeliaceae,Nidularium itatiaiae L.B.Sm.,Nidularium itatiaiae,EX,SP_oficial
Bromeliaceae,Nidularium jonesianum Leme,Nidularium jonesianum,EX,SP_oficial
Bromeliaceae,Nidularium minutum Mez,Nidularium minutum,VU,SP_oficial
Bromeliaceae,Nidularium rolfianum Leme,Nidularium rolfianum,VU,SP_oficial
Bromeliaceae,Tillandsia araujei Mez,Tillandsia araujei,VU,SP_oficial
Bromeliaceae,Tillandsia crocata (E.Morren) Baker,Tillandsia crocata,VU,SP_oficial
Bromeliaceae,Tillandsia linearis Vell.,Tillandsia linearis,VU,SP_oficial
Bromeliaceae,Tillandsia polystachia (L.) L.,Tillandsia polystachia,VU,SP_oficial
Bromeliaceae,Tillandsia recurvifolia Hook.,Tillandsia recurvifolia,VU,SP_oficial
Bromeliaceae,Vriesea lubbersii (Baker) E.Morren ex Mez,Vriesea lubbersii,EX,SP_oficial
Bromeliaceae,Vriesea neoglutinosa Mez,Vriesea neoglutinosa,VU,SP_oficial
Bromeliaceae,Vriesea pardalina Mez,Vriesea pardalina,EX,SP_oficial
Bromeliaceae,Vriesea pauperrima E.Pereira,Vriesea pauperrima,VU,SP_oficial
Bromeliaceae,Vriesea platzmannii E.Morren,Vriesea platzmannii,VU,SP_oficial
Bromeliaceae,Vriesea regnellii Mez,Vriesea regnellii,EX,SP_oficial
Bromeliaceae,Vriesea rubyae E.Pereira,Vriesea rubyae,CR,SP_oficial
Bromeliaceae,Vriesea sazimae Leme,Vriesea sazimae,VU,SP_oficial
Bromeliaceae,Vriesea sparsiflora L.B.Sm.,Vriesea sparsiflora,EX,SP_oficial
Bromeliaceae,Vriesea taritubensis E. Pereira & I.A.Penna,Vriesea taritubensis,VU,SP_oficial
Bromeliaceae,Vriesea vulpinoidea L.B.Sm.,Vriesea vulpinoidea,VU,SP_oficial
Bromeliaceae,Wittrockia gigantea (Baker) Leme,Wittrockia gigantea,VU,SP_oficial
Burmanniaceae,Burmannia australis Malme,Burmannia australis,EX,SP_oficial
Burmanniaceae,Burmannia flava Mart.,Burmannia flava,EX,SP_oficial
Cabombaceae,Cabomba aquatica Aubl.,Cabomba aquatica,EX,SP_oficial
Cactaceae,Hatiora herminiae (Campos Porto & Castellanos) Backeb.,Hatiora herminiae,VU,SP_oficial
Cactaceae,Rhipsalis crispata Pfeiff.,Rhipsalis crispata,VU,SP_oficial
Cactaceae,Rhipsalis dissimilis K. Schum.,Rhipsalis dissimilis,EN,SP_oficial
Cactaceae,Schlumbergera lutea Calvente & Brade subsp. bradei (Campos Porto & Castellanos) Calvente & Zappi,Schlumbergera lutea subsp. bradei,VU,SP_oficial
Cactaceae,Schlumbergera opuntioides (Loefgr. & Dusen) D.R.Hunt,Schlumbergera opuntioides,VU,SP_oficial
Calyceraceae,Acicarpha tribuloides Juss.,Acicarpha tribuloides,EX,SP_oficial
Calyceraceae,Boopis bupleuroides (Less) C. A.Mull.,Boopis bupleuroides,EX,SP_oficial
Calyceraceae,Boopis itatiaiae Dusén,Boopis itatiaiae,EN,SP_oficial
Campanulaceae,Lobelia hederacea Cham.,Lobelia hederacea,EX,SP_oficial
Campanulaceae,Lobelia nummularioides Cham.,Lobelia nummularioides,EX,SP_oficial
Campanulaceae,Lobelia xalapensis Kunth,Lobelia xalapensis,EX,SP_oficial
Campanulaceae,Siphocampylus lycioides (Cham.) G.Don,Siphocampylus lycioides,EN,SP_oficial
Caprifoliaceae,Valeriana glaziovii Taub.,Valeriana glaziovii,EN,SP_oficial
Caprifoliaceae,Valeriana organensis Gardner,Valeriana organensis,CR,SP_oficial
Caprifoliaceae,Valeriana reitziana Borsini,Valeriana reitziana,VU,SP_oficial
Celastraceae,Maytenus brasiliensis Mart.,Maytenus brasiliensis,CR,SP_oficial
Celastraceae,Maytenus ilicifolia Mart.,Maytenus ilicifolia,VU,SP_oficial
Celastraceae,Salacia mosenii A.C.Sm.,Salacia mosenii,CR,SP_oficial
Celastraceae,Schaefferia argentinensis Speg.,Schaefferia argentinensis,CR,SP_oficial
Celastraceae,Tontelea martiana (Miers) A.C.Sm.,Tontelea martiana,EN,SP_oficial
Chrysobalanaceae,Couepia leitaofilhoi Prance,Couepia leitaofilhoi,VU,SP_oficial
Chrysobalanaceae,Couepia meridionalis Prance,Couepia meridionalis,EX,SP_oficial
Chrysobalanaceae,Licania gardneri (Hook. f.) Fritsch,Licania gardneri,EX,SP_oficial
Chrysobalanaceae,Licania indurata Pilg.,Licania indurata,EX,SP_oficial
Chrysobalanaceae,Parinari brasiliensis (Schott) Hook.f.,Parinari brasiliensis,EN,SP_oficial
Cleomaceae,Hemiscola diffusa (Banks ex DC.) Iltis,Hemiscola diffusa,EX,SP_oficial
Clusiaceae,Hypericum mutilum L.,Hypericum mutilum,VU,SP_oficial
Clusiaceae,Hypericum piriai Arechav.,Hypericum piriai,EX,SP_oficial
Clusiaceae,Hypericum rigidum A. St.-Hil.,Hypericum rigidum,EX,SP_oficial
Clusiaceae,Vismia martiana Reichardt,Vismia martiana,CR,SP_oficial
Combretaceae,Buchenavia parvifolia subsp. rabelloana (N.F.Mattos) Alwan & Stace,Buchenavia parvifolia subsp. rabelloana,VU,SP_oficial
Combretaceae,Buchenavia hoehneana N.F.Mattos,Buchenavia hoehneana,VU,SP_oficial
Connaraceae,Rourea pseudospadicea G.Schellenb.,Rourea pseudospadicea,EN,SP_oficial
Convolvulaceae,Convolvulus hasslerianus (Chodat) O’Donell,Convolvulus hasslerianus,EX,SP_oficial
Convolvulaceae,Evolvulus chrysotrichos Meisn.,Evolvulus chrysotrichos,EX,SP_oficial
Convolvulaceae,Evolvulus cressoides Mart.,Evolvulus cressoides,EN,SP_oficial
Convolvulaceae,Evolvulus elegans Moric. var. confertifolius Meisn.,Evolvulus elegans var. confertifolius,EX,SP_oficial
Convolvulaceae,Evolvulus filipes Mart.,Evolvulus filipes,EX,SP_oficial
Convolvulaceae,Evolvulus fuscus Meisn.,Evolvulus fuscus,EN,SP_oficial
Convolvulaceae,Evolvulus riedelii Meisn.,Evolvulus riedelii,EN,SP_oficial
Convolvulaceae,Evolvulus stellariifolius Ooststr.,Evolvulus stellariifolius,VU,SP_oficial
Convolvulaceae,Ipomoea acutisepala O'Donell,Ipomoea acutisepala,EX,SP_oficial
Convolvulaceae,Ipomoea aprica House,Ipomoea aprica,VU,SP_oficial
Convolvulaceae,Ipomoea hirsutissima Gardner,Ipomoea hirsutissima,EX,SP_oficial
Convolvulaceae,Ipomoea pinifolia Meisn.,Ipomoea pinifolia,EX,SP_oficial
Convolvulaceae,Ipomoea sericophylla Meisn.,Ipomoea sericophylla,EX,SP_oficial
Convolvulaceae,Ipomoea subrevoluta Choisy,Ipomoea subrevoluta,VU,SP_oficial
Convolvulaceae,Jacquemontia acrocephala Meisn.,Jacquemontia acrocephala,EX,SP_oficial
Convolvulaceae,Jacquemontia glabrescens (Meisn.) M.Pastore & Sim.-Bianch.,Jacquemontia glabrescens,EX,SP_oficial
Convolvulaceae,Operculina macrocarpa (L.) Urb.,Operculina macrocarpa,EW,SP_oficial
Costaceae,Chamaecostus subsessilis (Nees & Mart.) C.Specht & D.W.Stev.,Chamaecostus subsessilis,EX,SP_oficial
Cucurbitaceae,Cayaponia bonariensis (Mill.) Mart.Crov.,Cayaponia bonariensis,EX,SP_oficial
Cucurbitaceae,Cayaponia pedata Cogn.,Cayaponia pedata,EX,SP_oficial
Cucurbitaceae,Cayaponia trilobata (Cogn.) Cogn.,Cayaponia trilobata,VU,SP_oficial
Cymodoceaceae,Halodule wrightii Asch.,Halodule wrightii,EN,SP_oficial
Cyperaceae,Scleria balansae Maury ex Micheli,Scleria balansae,VU,SP_oficial
Dioscoreaceae,Dioscorea grandiflora Griseb.,Dioscorea grandiflora,VU,SP_oficial
Dioscoreaceae,Dioscorea loefgrenii R.Knuth,Dioscorea loefgrenii,VU,SP_oficial
Dioscoreaceae,Dioscorea mantiqueirensis R.Knuth,Dioscorea mantiqueirensis,EX,SP_oficial
Dioscoreaceae,Dioscorea mollis Kunth,Dioscorea mollis,VU,SP_oficial
Dioscoreaceae,Dioscorea plantaginifolia R.Knuth,Dioscorea plantaginifolia,VU,SP_oficial
Dioscoreaceae,Dioscorea rumicoides Griseb.,Dioscorea rumicoides,VU,SP_oficial
Elaeocarpaceae,Sloanea obtusifolia (Moric.) Schum.,Sloanea obtusifolia,EN,SP_oficial
Elaeocarpaceae,Sloanea petalata D.Sampaio e V.C.Souza,Sloanea petalata,EN,SP_oficial
Eremolepidaceae,Eubrachion ambiguum (Hook. & Arn.) Engl.,Eubrachion ambiguum,VU,SP_oficial
Ericaceae,Agarista niederleinii (Sleumer) Judd,Agarista niederleinii,EN,SP_oficial
Ericaceae,Agarista nummularia G.Don,Agarista nummularia,EX,SP_oficial
Ericaceae,Agarista pulchra G.Don,Agarista pulchra,EN,SP_oficial
Ericaceae,Gaultheria sleumeriana Kin.-Gouv.,Gaultheria sleumeriana,EN,SP_oficial
Ericaceae,Gaylussacia montana (Pohl) Sleumer,Gaylussacia montana,EX,SP_oficial
Erythroxylaceae,Erythroxylum catharinense Amaral,Erythroxylum catharinense,EN,SP_oficial
Erythroxylaceae,Erythroxylum cyclophyllum O.E.Schulz,Erythroxylum cyclophyllum,EX,SP_oficial
Erythroxylaceae,Erythroxylum myrsinites Mart.,Erythroxylum myrsinites,EN,SP_oficial
Escalloniaceae,Escallonia chlorophylla Cham. & Schltdl.,Escallonia chlorophylla,CR,SP_oficial
Escalloniaceae,Escallonia obtusissima A.St.-Hil.,Escallonia obtusissima,EX,SP_oficial
Euphorbiaceae,Chiropetalum gymnadenium (Müll.Arg.) Pax & K.Hoffm.,Chiropetalum gymnadenium,EX,SP_oficial
Euphorbiaceae,Croton compressus Lam.,Croton compressus,EN,SP_oficial
Euphorbiaceae,Croton glechomifolius Müll.Arg.,Croton glechomifolius,CR,SP_oficial
Euphorbiaceae,Croton leptobothryus Müll.Arg.,Croton leptobothryus,VU,SP_oficial
Euphorbiaceae,Croton serratifolius Baill.,Croton serratifolius,CR,SP_oficial
Euphorbiaceae,Croton sphaerogynus Baill.,Croton sphaerogynus,VU,SP_oficial
Fabaceae,Ancistrotropis firmula (Mart. ex Benth.) A.Delgado,Ancistrotropis firmula,VU,SP_oficial
Fabaceae,Apuleia leiocarpa (Vogel) J.F.Macbr.,Apuleia leiocarpa,VU,SP_oficial
Fabaceae,Bauhinia marginata (Bong.) Steud.,Bauhinia marginata,EX,SP_oficial
Fabaceae,Camptosema bellum (Mart. ex Benth.) Benth,Camptosema bellum,VU,SP_oficial
Fabaceae,Camptosema isopetalum Taub.,Camptosema isopetalum,EX,SP_oficial
Fabaceae,Chamaecrista atroglandulosa (Taub.) H.S.Irwin & Barneby,Chamaecrista atroglandulosa,EX,SP_oficial
Fabaceae,Chamaecrista trachycarpa (Vogel) H.S.Irwin & Barneby,Chamaecrista trachycarpa,EX,SP_oficial
Fabaceae,Cratylia intermedia (Hassl.) L.P.Queiroz & R.Monteiro,Cratylia intermedia,EX,SP_oficial
Fabaceae,Crotalaria otoptera Benth.,Crotalaria otoptera,VU,SP_oficial
Fabaceae,Dalbergia nigra (Vell.) Allemão ex Benth.,Dalbergia nigra,CR,SP_oficial
Fabaceae,Eriosema glaziovii Harms,Eriosema glaziovii,VU,SP_oficial
Fabaceae,Eriosema platycarpon Micheli,Eriosema platycarpon,VU,SP_oficial
Fabaceae,Galactia marginalis Benth.,Galactia marginalis,EX,SP_oficial
Fabaceae,Indigofera guaranitica Hassl.,Indigofera guaranitica,VU,SP_oficial
Fabaceae,Inga mendoncaei Harms,Inga mendoncaei,VU,SP_oficial
Fabaceae,Inga praegnans T.D.Penn.,Inga praegnans,VU,SP_oficial
Fabaceae,Melanoxylon brauna Schott,Melanoxylon brauna,EW,SP_oficial
Fabaceae,Mimosa myuros Barneby,Mimosa myuros,VU,SP_oficial
Fabaceae,Mimosa paucifolia Benth.,Mimosa paucifolia,VU,SP_oficial
Fabaceae,Mysanthus uleanus (Harms) G.P.Lewis & A.Delgado Salinas,Mysanthus uleanus,EN,SP_oficial
Fabaceae,Peltogyne confertiflora (Hayne) Benth.,Peltogyne confertiflora,EN,SP_oficial
Fabaceae,Rhynchosia reticulata (Sw.) DC.,Rhynchosia reticulata,EX,SP_oficial
Fabaceae,Senna paradictyon (Vogel) H.S.Irwin & Barneby,Senna paradictyon,EX,SP_oficial
Fabaceae,Tephrosia sessiliflora Hassl.,Tephrosia sessiliflora,VU,SP_oficial
Gelsemiaceae,Mostuea muricata Sobral & Lc.Rossi,Mostuea muricata,VU,SP_oficial
Gentianaceae,Curtia tenuifolia (Aubl.) Knobl.,Curtia tenuifolia,CR,SP_oficial
Gentianaceae,Schultesia aptera Cham.,Schultesia aptera,CR,SP_oficial
Gentianaceae,Zygostigma australe (Cham. & Schltdl.) Griseb.,Zygostigma australe,CR,SP_oficial
Gesneriaceae,Besleria umbrosa Mart.,Besleria umbrosa,VU,SP_oficial
Gesneriaceae,Codonanthe carnosa (Gardner) Hanst.,Codonanthe carnosa,VU,SP_oficial
Gesneriaceae,Codonanthe venosa Chautems,Codonanthe venosa,VU,SP_oficial
Gesneriaceae,Nematanthus crassifolius (Schott) Wiehler,Nematanthus crassifolius,VU,SP_oficial
Gesneriaceae,Nematanthus mattosianus (Handro) H.E.Moore,Nematanthus mattosianus,VU,SP_oficial
Gesneriaceae,Nematanthus monanthos (Vell.) Chautems,Nematanthus monanthos,EN,SP_oficial
Gesneriaceae,Nematanthus strigillosus (Mart.) H.E.Moore,Nematanthus strigillosus,EX,SP_oficial
Gesneriaceae,Sinningia araneosa Chautems,Sinningia araneosa,VU,SP_oficial
Gesneriaceae,Sinningia canescens (Mart.) Wiehler,Sinningia canescens,VU,SP_oficial
Gesneriaceae,Sinningia glazioviana (Fritsch) Chautems,Sinningia glazioviana,CR,SP_oficial
Gesneriaceae,Sinningia hatschbachii Chautems,Sinningia hatschbachii,EN,SP_oficial
Gesneriaceae,Sinningia iarae Chautems,Sinningia iarae,EN,SP_oficial
Gesneriaceae,Sinningia insularis (Handro) Chautems,Sinningia insularis,EN,SP_oficial
Gesneriaceae,Sinningia magnifica (Otto & A.Dietr.) Wiehler,Sinningia magnifica,VU,SP_oficial
Gesneriaceae,Sinningia micans (Fritsch) Chautems,Sinningia micans,EN,SP_oficial
Gesneriaceae,Sinningia piresiana (Hoehne) Chautems,Sinningia piresiana,EN,SP_oficial
Gesneriaceae,Sinningia warmingii (Hiern.) Chautems,Sinningia warmingii,VU,SP_oficial
Hypericaceae,Hypericum mutilum L.,Hypericum mutilum,VU,SP_oficial
Hypericaceae,Hypericum piriai Arechav.,Hypericum piriai,EX,SP_oficial
Hypericaceae,Hypericum rigidum A.St.-Hil.,Hypericum rigidum,EX,SP_oficial
Hypericaceae,Vismia martiana Reichardt,Vismia martiana,EN,SP_oficial
Iridaceae,Neomarica glauca (Seub. ex Klatt) Sprague,s.i.,VU,SP_oficial
Lamiaceae,Aegiphila capitata Moldenke,Aegiphila capitata,EX,SP_oficial
Lamiaceae,Hyptis alpestris A.St.-Hil. ex Benth.,Hyptis alpestris,EN,SP_oficial
Lamiaceae,Hyptis lagenaria A.St.-Hil. ex Benth.,Hyptis lagenaria,EN,SP_oficial
Lamiaceae,Hyptis lavandulacea Pohl ex Benth.,Hyptis lavandulacea,EX,SP_oficial
Lamiaceae,Hyptis lobata A.St.-Hil. ex Benth.,Hyptis lobata,EX,SP_oficial
Lamiaceae,Hyptis riparia Harley,Hyptis riparia,EX,SP_oficial
Lamiaceae,Hyptis uliginosa A.St.-Hil. ex Benth.,Hyptis uliginosa,EX,SP_oficial
Lamiaceae,Rhabdocaulon gracile (Benth.) Epling,Rhabdocaulon gracile,EX,SP_oficial
Lamiaceae,Salvia campos-portoi Brade,Salvia campos-portoi,EX,SP_oficial
Lamiaceae,Salvia lachnostachys Benth.,Salvia lachnostachys,EX,SP_oficial
Lauraceae,Aiouea bracteata Kosterm.,Aiouea bracteata,VU,SP_oficial
Lauraceae,Aiouea piauhyensis (Meisn.) Mez,Aiouea piauhyensis,EX,SP_oficial
Lauraceae,Aiouea trinervis Meisn.,Aiouea trinervis,EN,SP_oficial
Lauraceae,Aniba heringerii Vattimo-Gil,Aniba heringerii,EN,SP_oficial
Lauraceae,Beilschmiedia fluminensis Kosterm.,Beilschmiedia fluminensis,VU,SP_oficial
Lauraceae,Cryptocarya botelhensis P.L.R. de Moraes,Cryptocarya botelhensis,VU,SP_oficial
Lauraceae,Cryptocarya micrantha Meisn.,Cryptocarya micrantha,VU,SP_oficial
Lauraceae,Nectandra angustifolia (Schrad) Nees,Nectandra angustifolia,EN,SP_oficial
Lauraceae,Nectandra barbellata Coe-Teix.,Nectandra barbellata,VU,SP_oficial
Lauraceae,Nectandra cissiflora Nees,Nectandra cissiflora,VU,SP_oficial
Lauraceae,Nectandra debilis Mez,Nectandra debilis,VU,SP_oficial
Lauraceae,Nectandra hihua (Ruiz & Pav.) Rohwer,Nectandra hihua,EN,SP_oficial
Lauraceae,Nectandra paranaensis Coe-Teix.,Nectandra paranaensis,VU,SP_oficial
Lauraceae,Ocotea basicordatifolia Vattimo-Gil,Ocotea basicordatifolia,VU,SP_oficial
Lauraceae,Ocotea beulahiae Baitello,Ocotea beulahiae,EN,SP_oficial
Lauraceae,Ocotea beyrichii (Nees) Mez,Ocotea beyrichii,VU,SP_oficial
Lauraceae,Ocotea bragai Coe-Teix.,Ocotea bragai,EN,SP_oficial
Lauraceae,Ocotea catharinensis Mez,Ocotea catharinensis,VU,SP_oficial
Lauraceae,Ocotea daphnifolia (Meisn.) Mez,Ocotea daphnifolia,VU,SP_oficial
Lauraceae,Ocotea felix Coe-Teix.,Ocotea felix,EN,SP_oficial
Lauraceae,Ocotea frondosa (Meisn.) Mez,Ocotea frondosa,VU,SP_oficial
Lauraceae,Ocotea inhauba Coe-Teix.,Ocotea inhauba,EX,SP_oficial
Lauraceae,Ocotea mosenii Mez,Ocotea mosenii,VU,SP_oficial
Lauraceae,Ocotea odorifera (Vell.) Rohwer,Ocotea odorifera,EN,SP_oficial
Lauraceae,Ocotea porosa (Nees & Mart.) L.Barroso,Ocotea porosa,EN,SP_oficial
Lauraceae,Ocotea serrana Coe-Teix.,Ocotea serrana,EN,SP_oficial
Lauraceae,Ocotea tabacifolia (Meisn.) Rohwer,Ocotea tabacifolia,EN,SP_oficial
Lauraceae,Ocotea vaccinioides (Meisn.) Rohwer,Ocotea vaccinioides,VU,SP_oficial
Lauraceae,Ocotea virgultosa (Nees) Mart.,Ocotea virgultosa,EN,SP_oficial
Lauraceae,Persea obovata Nees & Mart.,Persea obovata,CR,SP_oficial
Lauraceae,Persea punctata Meisn.,Persea punctata,EN,SP_oficial
Lauraceae,Persea rigida Nees & Mart.,Persea rigida,EN,SP_oficial
Lauraceae,Urbanodendron bahiense (Meisn.) Rohwer,Urbanodendron bahiense,VU,SP_oficial
Lecythidaceae,Cariniana legalis (Mart.) Kuntze,Cariniana legalis,VU,SP_oficial
Lentibulariaceae,Genlisea aurea A.St.-Hil.,Genlisea aurea,EN,SP_oficial
Lentibulariaceae,Genlisea repens Benj.,Genlisea repens,EN,SP_oficial
Lentibulariaceae,Genlisea violacea A.St.-Hil.,Genlisea violacea,EX,SP_oficial
Lentibulariaceae,Utricularia nigrescens Sylvén,Utricularia nigrescens,EN,SP_oficial
Lentibulariaceae,Utricularia olivacea C.Wright ex Griseb.,Utricularia olivacea,VU,SP_oficial
Lentibulariaceae,Utricularia trichophylla Spruce ex Oliv.,Utricularia trichophylla,VU,SP_oficial
Lentibulariaceae,Utricularia warmingii Kam.,Utricularia warmingii,EX,SP_oficial
Linaceae,Linum littorale A.St.-Hil,Linum littorale,EN,SP_oficial
Loasaceae,Aosa parviflora (Schrad. ex DC.) Weigend,Aosa parviflora,EN,SP_oficial
Loasaceae,Blumenbachia scabra (Miers) Urb.,Blumenbachia scabra,EN,SP_oficial
Loganiaceae,Spigelia amplexicaulis E.F.Guimar. & Fontella,Spigelia amplexicaulis,EW,SP_oficial
Loganiaceae,Spigelia reitzii L.B.Sm.,Spigelia reitzii,EN,SP_oficial
Loganiaceae,Strychnos gardneri A.DC.,Strychnos gardneri,EX,SP_oficial
Loganiaceae,Strychnos nigricans Prog.,Strychnos nigricans,EX,SP_oficial
Loganiaceae,Strychnos trinervis (Vell.) Mart.,Strychnos trinervis,VU,SP_oficial
Lythraceae,Cuphea arenarioides A. St.-Hil,Cuphea arenarioides,EN,SP_oficial
Lythraceae,Cuphea lutescens Pohl ex Koehne,Cuphea lutescens,VU,SP_oficial
Lythraceae,Diplusodon ovatus Pohl,Diplusodon ovatus,EN,SP_oficial
Lythraceae,Diplusodon villosissimus Pohl,Diplusodon villosissimus,EN,SP_oficial
Lythraceae,Lafoensia nummularifolia A.St.-Hil.,Lafoensia nummularifolia,VU,SP_oficial
Malpighiaceae,Aspicarpa sericea (A.St.-Hil.) Nied.,Aspicarpa sericea,VU,SP_oficial
Malpighiaceae,Banisteriopsis basifixa B. Gates,Banisteriopsis basifixa,EX,SP_oficial
Malpighiaceae,Byrsonima brachybotrya Nied.,Byrsonima brachybotrya,VU,SP_oficial
Malpighiaceae,Byrsonima cydoniifolia A.Juss.,Byrsonima cydoniifolia,VU,SP_oficial
Malpighiaceae,Byrsonima psilandra Griseb.,Byrsonima psilandra,EN,SP_oficial
Malpighiaceae,Camarea hirsuta A.St.-Hil.,Camarea hirsuta,EN,SP_oficial
Malpighiaceae,Mascagnia divaricata (Kunth) Nied.,Mascagnia divaricata,VU,SP_oficial
Malpighiaceae,Tetrapterys microphylla (A. Juss.) Nied.,Tetrapterys microphylla,VU,SP_oficial
Malpighiaceae,Thryallis brachystachys Lindley,Thryallis brachystachys,EX,SP_oficial
Malvaceae,Abutilon nigricans G.L.Esteves & Krapov.,Abutilon nigricans,CR,SP_oficial
Malvaceae,Byttneria oblongata Pohl,Byttneria oblongata,EX,SP_oficial
Malvaceae,Byttneria scabra L.,Byttneria scabra,VU,SP_oficial
Malvaceae,Eriotheca pubescens (Mart. & Zucc.) Schott & Endl.,Eriotheca pubescens,VU,SP_oficial
Malvaceae,Gaya guerkeana K. Schum.,Gaya guerkeana,EX,SP_oficial
Malvaceae,Hibiscus diversifolius Jacq.,Hibiscus diversifolius,EX,SP_oficial
Malvaceae,Hibiscus urticifolius A.St.-Hil.,Hibiscus urticifolius,EX,SP_oficial
Malvaceae,Luehea conwentizii K. Schum.,Luehea conwentizii,VU,SP_oficial
Malvaceae,Pachira calophylla (K.Schum.) Fern. Alonso,Pachira calophylla,VU,SP_oficial
Malvaceae,Pavonia distinguenda A.St.-Hil.,Pavonia distinguenda,VU,SP_oficial
Malvaceae,Pavonia kleinii Krapov.,Pavonia kleinii,VU,SP_oficial
Malvaceae,Pseudobombax marginatum (St. Hil) A.Robyns,Pseudobombax marginatum,EN,SP_oficial
Malvaceae,Pseudobombax tomentosum (Mart. & Zucc.) A.Robyns,Pseudobombax tomentosum,VU,SP_oficial
Malvaceae,Sida acrantha Link,Sida acrantha,EN,SP_oficial
Marantaceae,Goeppertia aemula (Körn.) Borchs. & S. Suárez,Goeppertia aemula,VU,SP_oficial
Marantaceae,Goeppertia zebrina (Sims) Nees,Goeppertia zebrina,VU,SP_oficial
Melastomataceae,Behuria parvifolia Cogn.,Behuria parvifolia,VU,SP_oficial
Melastomataceae,Bertolonia angustifolia Cogn.,Bertolonia angustifolia,EX,SP_oficial
Melastomataceae,Bertolonia leuzeana (Bonpl.) DC.,Bertolonia leuzeana,VU,SP_oficial
Melastomataceae,Bertolonia paranaensis (Wurdack) Baumgratz,Bertolonia paranaensis,EX,SP_oficial
Melastomataceae,Cambessedesia pityrophylla (Mart. ex DC.) A.B.Martins,Cambessedesia pityrophylla,VU,SP_oficial
Melastomataceae,Cambessedesia regnelliana Cogn.,Cambessedesia regnelliana,VU,SP_oficial
Melastomataceae,Cambessedesia weddellii Naudin,Cambessedesia weddellii,VU,SP_oficial
Melastomataceae,Chaetostoma glaziovii Cogn.,Chaetostoma glaziovii,VU,SP_oficial
Melastomataceae,Clidemia sericea D.Don,Clidemia sericea,VU,SP_oficial
Melastomataceae,Graffenrieda weddellii Naudin,Graffenrieda weddellii,EN,SP_oficial
Melastomataceae,Henriettea saldanhaei Cogn.,Henriettea saldanhaei,VU,SP_oficial
Melastomataceae,Huberia laurina DC.,Huberia laurina,EX,SP_oficial
Melastomataceae,Huberia nettoana Brade,Huberia nettoana,EX,SP_oficial
Melastomataceae,Lavoisiera serrulata Cogn.,Lavoisiera serrulata,EX,SP_oficial
Melastomataceae,Leandra calvescens (Triana) Cogn.,Leandra calvescens,VU,SP_oficial
Melastomataceae,Leandra coriacea Cogn.,Leandra coriacea,VU,SP_oficial
Melastomataceae,Leandra dispar (Gardner) Cogn.,Leandra dispar,VU,SP_oficial
Melastomataceae,Leandra eichleri Cogn.,Leandra eichleri,VU,SP_oficial
Melastomataceae,Leandra hermogenesii Baumgratz & D`El Rei Souza,Leandra hermogenesii,VU,SP_oficial
Melastomataceae,Leandra involucrata DC.,Leandra involucrata,VU,SP_oficial
Melastomataceae,Leandra itatiaiae (Wawra) Cogn.,Leandra itatiaiae,VU,SP_oficial
Melastomataceae,Leandra lancifolia Cogn.,Leandra lancifolia,EN,SP_oficial
Melastomataceae,Leandra lapae D’El Rei Souza & Baumgratz,Leandra lapae,VU,SP_oficial
Melastomataceae,Leandra limbata Cogn.,Leandra limbata,EX,SP_oficial
Melastomataceae,Leandra linearifolia Cogn.,Leandra linearifolia,VU,SP_oficial
Melastomataceae,Leandra longistyla Cogn.,Leandra longistyla,VU,SP_oficial
Melastomataceae,Leandra mattosii Baumgratz & D’El Rei Souza,Leandra mattosii,EX,SP_oficial
Melastomataceae,Leandra neglecta Brade,Leandra neglecta,VU,SP_oficial
Melastomataceae,Leandra pallida Cogn.,Leandra pallida,VU,SP_oficial
Melastomataceae,Leandra paulina DC.,Leandra paulina,VU,SP_oficial
Melastomataceae,Leandra pauloensis Hoehne,Leandra pauloensis,EX,SP_oficial
Melastomataceae,Leandra quinquenodis (DC.) Cogn.,Leandra quinquenodis,EN,SP_oficial
Melastomataceae,Leandra riedeliana (O.Berg ex Triana) Cogn.,Leandra riedeliana,EX,SP_oficial
Melastomataceae,Leandra sparsisetulosa Hoehne,Leandra sparsisetulosa,EX,SP_oficial
Melastomataceae,Leandra strigilliflora (Naudin) Cogn.,Leandra strigilliflora,VU,SP_oficial
Melastomataceae,Leandra tristis Cogn.,Leandra tristis,EN,SP_oficial
Melastomataceae,Leandra uliginosa Brade,Leandra uliginosa,VU,SP_oficial
Melastomataceae,Leandra umbellata DC.,Leandra umbellata,EN,SP_oficial
Melastomataceae,Leandra vesiculosa Cogn.,Leandra vesiculosa,EN,SP_oficial
Melastomataceae,Leandra viridiflava Brade,Leandra viridiflava,VU,SP_oficial
Melastomataceae,Miconia macrothyrsa Benth.,Miconia macrothyrsa,EN,SP_oficial
Melastomataceae,Miconia mendoncae Cogn.,Miconia mendoncae,VU,SP_oficial
Melastomataceae,Miconia picinguabensis R.Goldenb. & A.B.Martins,Miconia picinguabensis,EN,SP_oficial
Melastomataceae,Miconia polyandra Gardner,Miconia polyandra,VU,SP_oficial
Melastomataceae,Miconia robustissima Cogn.,Miconia robustissima,EN,SP_oficial
Melastomataceae,Miconia sclerophylla Triana,Miconia sclerophylla,EN,SP_oficial
Melastomataceae,Miconia serrulata (DC.) Naudin,Miconia serrulata,VU,SP_oficial
Melastomataceae,Miconia shepherdii R.Goldenb. & Reginato,Miconia shepherdii,EN,SP_oficial
Melastomataceae,Miconia tentaculifera Naudin,Miconia tentaculifera,VU,SP_oficial
Melastomataceae,Miconia urophylla DC.,Miconia urophylla,VU,SP_oficial
Melastomataceae,Microlicia myrtoidea Cham.,Microlicia myrtoidea,VU,SP_oficial
Melastomataceae,Pleroma guartelaensis F.S.Mey & R.Goldenb.,Pleroma guartelaensis,VU,SP_oficial
Melastomataceae,Pterolepis perpusilla (Naudin) Cogn.,Pterolepis perpusilla,VU,SP_oficial
Melastomataceae,Rhynchanthera grandiflora (Aubl.) DC.,Rhynchanthera grandiflora,VU,SP_oficial
Melastomataceae,Siphanthera cordata Pohl ex DC.,Siphanthera cordata,VU,SP_oficial
Melastomataceae,Siphanthera dawsonii Wurdack,Siphanthera dawsonii,VU,SP_oficial
Melastomataceae,Tibouchina aegopogon (Naudin) Cogn.,Tibouchina aegopogon,EN,SP_oficial
Melastomataceae,Tibouchina cinerea Cogn.,Tibouchina cinerea,VU,SP_oficial
Melastomataceae,Tibouchina eichleri Cogn.,Tibouchina eichleri,EX,SP_oficial
Melastomataceae,Tibouchina herincquiana Cogn.,Tibouchina herincquiana,VU,SP_oficial
Melastomataceae,Tibouchina itatiaiae Cogn.,Tibouchina itatiaiae,VU,SP_oficial
Melastomataceae,Tibouchina minutiflora Cogn.,Tibouchina minutiflora,VU,SP_oficial
Melastomataceae,Tibouchina riedeliana Cogn.,Tibouchina riedeliana,EX,SP_oficial
Melastomataceae,Tibouchina schenckii Cogn.,Tibouchina schenckii,EX,SP_oficial
Melastomataceae,Tibouchina serrana P.J.F.Guim. & A.B.Martins,Tibouchina serrana,VU,SP_oficial
Melastomataceae,Tibouchina versicolor (Lindl.) Cogn.,Tibouchina versicolor,VU,SP_oficial
Meliaceae,Cedrela fissilis Vell.,Cedrela fissilis,VU,SP_oficial
Meliaceae,Cedrela odorata L.,Cedrela odorata,VU,SP_oficial
Molluginaceae,Glinus radiatus (Ruiz & Pav.) Rohrb.,Glinus radiatus,EX,SP_oficial
Monimiaceae,Mollinedia luizae Peixoto,Mollinedia luizae,VU,SP_oficial
Monimiaceae,Mollinedia oligotricha Perkins,Mollinedia oligotricha,EX,SP_oficial
Monimiaceae,Mollinedia pachysandra Perkins,Mollinedia pachysandra,VU,SP_oficial
Monimiaceae,Mollinedia salicifolia Perkins,Mollinedia salicifolia,VU,SP_oficial
Moraceae,Brosimum glaziovii Taub.,Brosimum glaziovii,VU,SP_oficial
Moraceae,Ficus cyclophylla (Miq.) Miq.,Ficus cyclophylla,VU,SP_oficial
Myristicaceae,Virola bicuhyba (Schott ex Spreng.) Warb.,Virola bicuhyba,EN,SP_oficial
Myrtaceae,Calyptranthes brasiliensis Spreng.,Calyptranthes brasiliensis,EX,SP_oficial
Myrtaceae,Calyptranthes curta Sobral & O.Aguiar,Calyptranthes curta,EN,SP_oficial
Myrtaceae,Calyptranthes dichotoma Casar.,Calyptranthes dichotoma,EX,SP_oficial
Myrtaceae,Calyptranthes dryadica M.L.Kawas.,Calyptranthes dryadica,VU,SP_oficial
Myrtaceae,Calyptranthes fusiformis M.L.Kawas.,Calyptranthes fusiformis,VU,SP_oficial
Myrtaceae,Calyptranthes grammica (Spreng.) D.Legrand,Calyptranthes grammica,VU,SP_oficial
Myrtaceae,Calyptranthes maritima Sobral & Bertoncello,Calyptranthes maritima,VU,SP_oficial
Myrtaceae,Calyptranthes obovata Kiaersk.,Calyptranthes obovata,EX,SP_oficial
Myrtaceae,Calyptranthes serrana A.R.Lourenço,Calyptranthes serrana,VU,SP_oficial
Myrtaceae,"Calyptranthes solitaria Sobral, Aguiar & Antunes",Calyptranthes solitaria,VU,SP_oficial
Myrtaceae,Calyptranthes ubatubana Sobral & Rochelle,Calyptranthes ubatubana,VU,SP_oficial
Myrtaceae,Campomanesia aurea O.Berg,Campomanesia aurea,EN,SP_oficial
Myrtaceae,Eugenia angustissima O.Berg,Eugenia angustissima,EN,SP_oficial
Myrtaceae,Eugenia arenosa Mattos,Eugenia arenosa,VU,SP_oficial
Myrtaceae,Eugenia bahiensis DC.,Eugenia bahiensis,VU,SP_oficial
Myrtaceae,Eugenia brunneopubescens Mazine,Eugenia brunneopubescens,VU,SP_oficial
Myrtaceae,Eugenia bunchosiifolia Nied.,Eugenia bunchosiifolia,VU,SP_oficial
Myrtaceae,Eugenia catharinensis D.Legrand,Eugenia catharinensis,VU,SP_oficial
Myrtaceae,Eugenia cinerascens Gardner,Eugenia cinerascens,EX,SP_oficial
Myrtaceae,Eugenia disperma Vell.,Eugenia disperma,VU,SP_oficial
Myrtaceae,Eugenia gracillima Kiaersk.,Eugenia gracillima,VU,SP_oficial
Myrtaceae,Eugenia handroi (Mattos) Mattos,Eugenia handroi,VU,SP_oficial
Myrtaceae,Eugenia hermesiana Mattos,Eugenia hermesiana,CR,SP_oficial
Myrtaceae,Eugenia lambertiana DC.,Eugenia lambertiana,VU,SP_oficial
Myrtaceae,Eugenia longibracteata Mazine,Eugenia longibracteata,VU,SP_oficial
Myrtaceae,Eugenia macahensis O.Berg,Eugenia macahensis,VU,SP_oficial
Myrtaceae,Eugenia macrobracteolata Mattos,Eugenia macrobracteolata,EN,SP_oficial
Myrtaceae,Eugenia malacantha D.Legrand,Eugenia malacantha,EN,SP_oficial
Myrtaceae,Eugenia modesta DC.,Eugenia modesta,VU,SP_oficial
Myrtaceae,Eugenia neophaea Sobral & Mazine,Eugenia neophaea,EN,SP_oficial
Myrtaceae,Eugenia nutans O.Berg,Eugenia nutans,VU,SP_oficial
Myrtaceae,Eugenia peruibensis Mattos,Eugenia peruibensis,EN,SP_oficial
Myrtaceae,Eugenia pisiformis Cambess.,Eugenia pisiformis,VU,SP_oficial
Myrtaceae,Eugenia plicata Nied.,Eugenia plicata,VU,SP_oficial
Myrtaceae,Eugenia pruinosa D. Legrand,Eugenia pruinosa,EN,SP_oficial
Myrtaceae,Eugenia sphenoides O.Berg,Eugenia sphenoides,EX,SP_oficial
Myrtaceae,Eugenia stephanii O.Berg,Eugenia stephanii,EX,SP_oficial
Myrtaceae,Eugenia subundulata Kiaersk.,Eugenia subundulata,EN,SP_oficial
Myrtaceae,Eugenia zuccarinii O.Berg,Eugenia zuccarinii,VU,SP_oficial
Myrtaceae,Marlierea regeliana O. Berg,Marlierea regeliana,VU,SP_oficial
Myrtaceae,Marlierea skortzoviana Mattos,Marlierea skortzoviana,CR,SP_oficial
Myrtaceae,Myrceugenia alpigena (DC.) Landrum,Myrceugenia alpigena,VU,SP_oficial
Myrtaceae,Myrceugenia bracteosa (DC.) D. Legrand & Kausel,Myrceugenia bracteosa,EN,SP_oficial
Myrtaceae,Myrceugenia brevipedicellata (Burret) D.Legrand & Kausel,Myrceugenia brevipedicellata,EN,SP_oficial
Myrtaceae,Myrceugenia euosma (O.Berg) D.Legrand,Myrceugenia euosma,EX,SP_oficial
Myrtaceae,Myrceugenia franciscensis (O.Berg) Landrum,Myrceugenia franciscensis,EN,SP_oficial
Myrtaceae,Myrceugenia gertii Landrum,Myrceugenia gertii,EN,SP_oficial
Myrtaceae,Myrceugenia hoehnei (Burret) D.Legrand & Kausel,Myrceugenia hoehnei,VU,SP_oficial
Myrtaceae,Myrceugenia kleinii D.Legrand & Kausel,Myrceugenia kleinii,VU,SP_oficial
Myrtaceae,Myrceugenia venosa D.Legrand,Myrceugenia venosa,VU,SP_oficial
Myrtaceae,Myrcia anomala Cambess.,Myrcia anomala,EX,SP_oficial
Myrtaceae,Myrcia bicolor Kiaersk.,Myrcia bicolor,EN,SP_oficial
Myrtaceae,Myrcia cionei (Mattos) Mazine,Myrcia cionei,VU,SP_oficial
Myrtaceae,Myrcia congestiflora Caliari & V.C.Souza,Myrcia congestiflora,VU,SP_oficial
Myrtaceae,Myrcia cordiifolia DC.,Myrcia cordiifolia,EX,SP_oficial
Myrtaceae,Myrcia diaphana (O.Berg) N.J.E.Silveira,Myrcia diaphana,VU,SP_oficial
Myrtaceae,Myrcia eriocalyx DC.,Myrcia eriocalyx,VU,SP_oficial
Myrtaceae,Myrcia eriopus DC.,Myrcia eriopus,VU,SP_oficial
Myrtaceae,Myrcia flagellaris (D.Legrand) Sobral,Myrcia flagellaris,VU,SP_oficial
Myrtaceae,"Myrcia guarujana Sobral, Magenta & Caliari",Myrcia guarujana,EN,SP_oficial
Myrtaceae,Myrcia hexasticha Kiaersk.,Myrcia hexasticha,EN,SP_oficial
Myrtaceae,Myrcia isaiana G.M.Barroso & Peixoto,Myrcia isaiana,EN,SP_oficial
Myrtaceae,Myrcia montana Cambess.,Myrcia montana,VU,SP_oficial
Myrtaceae,Myrcia oligantha O.Berg,Myrcia oligantha,EN,SP_oficial
Myrtaceae,Myrcia rupicola D.Legrand,Myrcia rupicola,EN,SP_oficial
Myrtaceae,Myrcia stictophylla (O. Berg) N.J.E. Silveira,Myrcia stictophylla,VU,SP_oficial
Myrtaceae,Myrcia ubatubana Mazine & Sobral,Myrcia ubatubana,VU,SP_oficial
Myrtaceae,Myrcia vestita DC.,Myrcia vestita,EN,SP_oficial
Myrtaceae,Myrcia vittoriana Kiaersk.,Myrcia vittoriana,EX,SP_oficial
Myrtaceae,Neomitranthes amblymitra (Burret) Mattos,Neomitranthes amblymitra,EX,SP_oficial
Myrtaceae,Neomitranthes capivariensis (Mattos) Mattos,Neomitranthes capivariensis,EN,SP_oficial
Myrtaceae,Neomitranthes gracilis (D.Legrand) D.Legrand,Neomitranthes gracilis,EN,SP_oficial
Myrtaceae,Neomitranthes pedicellata (Burret) Mattos,Neomitranthes pedicellata,EN,SP_oficial
Myrtaceae,Plinia complanata M.L.Kawas. & B.Holst,Plinia complanata,EN,SP_oficial
Myrtaceae,Plinia edulis (Vell.) Sobral,Plinia edulis,VU,SP_oficial
Myrtaceae,Plinia hatschbachii (Mattos) Sobral,Plinia hatschbachii,EN,SP_oficial
Myrtaceae,Plinia pseudodichasiantha (Kiaersk.) G.M.Barroso ex Sobral,Plinia pseudodichasiantha,VU,SP_oficial
Myrtaceae,Psidium giganteum Mattos,Psidium giganteum,EN,SP_oficial
Myrtaceae,Psidium salutare (Kunth) O.Berg,Psidium salutare,EX,SP_oficial
Myrtaceae,Psidium sartorianum Nied.,Psidium sartorianum,VU,SP_oficial
Myrtaceae,Siphoneugena kuhlmannii Mattos,Siphoneugena kuhlmannii,VU,SP_oficial
Myrtaceae,Siphoneugena reitzii D.Legrand,Siphoneugena reitzii,VU,SP_oficial
Nyctaginaceae,Guapira nitida (Mart. ex J.A.Schmidt) Lundell,Guapira nitida,VU,SP_oficial
Nyctaginaceae,Neea verticillata Ruiz & Pav.,Neea verticillata,EX,SP_oficial
Olacaceae,Heisteria perianthomega (Vell.) Sleumer,Heisteria perianthomega,EX,SP_oficial
Orchidaceae,Anathallis gehrtii (Hoehne & Schltr.) F.Barros,Anathallis gehrtii,VU,SP_oficial
Orchidaceae,Bifrenaria racemosa (Hook.) Lindl.,Bifrenaria racemosa,EX,SP_oficial
Orchidaceae,Bifrenaria tyrianthina (Lodd.) Reichb.f.,Bifrenaria tyrianthina,EW,SP_oficial
Orchidaceae,Brachionidium restrepioides (Hoehne) Pabst,Brachionidium restrepioides,VU,SP_oficial
Orchidaceae,Cattleya guttata Lindl.,Cattleya guttata,VU,SP_oficial
Orchidaceae,Cattleya harrisoniana Batem. ex Lindl.,Cattleya harrisoniana,VU,SP_oficial
Orchidaceae,Cattleya intermedia Grah.,Cattleya intermedia,VU,SP_oficial
Orchidaceae,Cattleya labiata Lindl.,Cattleya labiata,VU,SP_oficial
Orchidaceae,Cattleya perrinii Lindl.,Cattleya perrinii,VU,SP_oficial
Orchidaceae,Cattleya purpurata (Lindl. & Paxton) Van den Berg,Cattleya purpurata,EW,SP_oficial
Orchidaceae,Cattleya tigrina A.Rich.,Cattleya tigrina,EW,SP_oficial
Orchidaceae,Cattleya velutina Rchb.f.,Cattleya velutina,VU,SP_oficial
Orchidaceae,Cattleya walkeriana Gardner,Cattleya walkeriana,VU,SP_oficial
Orchidaceae,Chytroglossa paulensis Edwall,Chytroglossa paulensis,EX,SP_oficial
Orchidaceae,Cirrhaea fuscolutea Lindl.,Cirrhaea fuscolutea,EN,SP_oficial
Orchidaceae,Cirrhaea loddigesii Lindl.,Cirrhaea loddigesii,CR,SP_oficial
Orchidaceae,Cirrhaea longiracemosa Hoehne,Cirrhaea longiracemosa,VU,SP_oficial
Orchidaceae,Cyrtopodium blanchetii Rchb.f.,Cyrtopodium blanchetii,VU,SP_oficial
Orchidaceae,Cyrtopodium brandonianum Barb.Rodr.,Cyrtopodium brandonianum,EX,SP_oficial
Orchidaceae,Cyrtopodium dusenii Schltr.,Cyrtopodium dusenii,VU,SP_oficial
Orchidaceae,Cyrtopodium fowliei L.Menezes,Cyrtopodium fowliei,EN,SP_oficial
Orchidaceae,Cyrtopodium hatschbachii Pabst,Cyrtopodium hatschbachii,EN,SP_oficial
Orchidaceae,Cyrtopodium lissochiloides Hoehne & Schltr.,Cyrtopodium lissochiloides,EX,SP_oficial
Orchidaceae,Cyrtopodium parviflorum Lindl.,Cyrtopodium parviflorum,EX,SP_oficial
Orchidaceae,Cyrtopodium triste Rchb.f. & Warm.,Cyrtopodium triste,VU,SP_oficial
Orchidaceae,Dichaea mosenii Cogn.,Dichaea mosenii,VU,SP_oficial
Orchidaceae,Dryadella auriculigera (Rchb.f.) Luer,Dryadella auriculigera,EX,SP_oficial
Orchidaceae,Dryadella lilliputiana (Cogn.) Luer,Dryadella lilliputiana,VU,SP_oficial
Orchidaceae,Epidendrum addae Pabst,Epidendrum addae,VU,SP_oficial
Orchidaceae,Epidendrum ecostatum Pabst,Epidendrum ecostatum,VU,SP_oficial
Orchidaceae,Epidendrum filicaule Lindl.,Epidendrum filicaule,VU,SP_oficial
Orchidaceae,Epidendrum geniculatum Barb.Rodr.,Epidendrum geniculatum,VU,SP_oficial
Orchidaceae,Epidendrum henschenii Barb.Rodr.,Epidendrum henschenii,EN,SP_oficial
Orchidaceae,Epidendrum hololeucum Barb.Rodr.,Epidendrum hololeucum,VU,SP_oficial
Orchidaceae,Epidendrum infaustum Reichb.f.,Epidendrum infaustum,EX,SP_oficial
Orchidaceae,Epidendrum saxatile Lindl.,Epidendrum saxatile,EX,SP_oficial
Orchidaceae,Eulophia ruwenzoriensis Rendle,Eulophia ruwenzoriensis,EN,SP_oficial
Orchidaceae,Gomesa ciliata (Lindl.) M.W.Chase & N.H.Williams,Gomesa ciliata,VU,SP_oficial
Orchidaceae,Gomesa concolor (Hook.) M.W.Chase & N.H.Williams,Gomesa concolor,EN,SP_oficial
Orchidaceae,Gomesa cruciata (Rchb.f.) M.W.Chase & N.H.Williams,Gomesa cruciata,VU,SP_oficial
Orchidaceae,Gomesa cuneata (Scheidw.) M.W.Chase & N.H.Williams,Gomesa cuneata,VU,SP_oficial
Orchidaceae,Gomesa jucunda (Rchb.f.) M.W.Chase & N.H.Williams,Gomesa jucunda,VU,SP_oficial
Orchidaceae,Gomesa pectoralis (Lindl.) M.W.Chase & N.H.Williams,Gomesa pectoralis,CR,SP_oficial
Orchidaceae,Gomesa praetexta (Rchb.f.) M.W.Chase & N.H.Williams,Gomesa praetexta,VU,SP_oficial
Orchidaceae,Gomesa welteri (Pabst) M.W.Chase & N.H.Williams,Gomesa welteri,VU,SP_oficial
Orchidaceae,Grandiphyllum divaricatum (Lindl.) Docha Neto,Grandiphyllum divaricatum,VU,SP_oficial
Orchidaceae,Grandiphyllum hians (Lindl.) Docha Neto,Grandiphyllum hians,VU,SP_oficial
Orchidaceae,Grobya fascifera Reichb. f.,Grobya fascifera,EX,SP_oficial
Orchidaceae,Habenaria achalensis Kraenzl.,Habenaria achalensis,VU,SP_oficial
Orchidaceae,Habenaria armata Rchb.f.,Habenaria armata,EX,SP_oficial
Orchidaceae,Habenaria brachyplectron Hoehne & Schltr.,Habenaria brachyplectron,EX,SP_oficial
Orchidaceae,Habenaria crucifera Rchb.f. & Warm.,Habenaria crucifera,EX,SP_oficial
Orchidaceae,Habenaria ernest-ulei Hoehne,Habenaria ernest-ulei,EX,SP_oficial
Orchidaceae,Habenaria exaltata Barb.Rodr.,Habenaria exaltata,EX,SP_oficial
Orchidaceae,Habenaria galeandriformis Hoehne,Habenaria galeandriformis,EX,SP_oficial
Orchidaceae,Habenaria hexaptera Lindl.,Habenaria hexaptera,EX,SP_oficial
Orchidaceae,Habenaria hydrophila Barb.Rodr.,Habenaria hydrophila,EX,SP_oficial
Orchidaceae,Habenaria jordanensis (J.E.Leite) Garay,Habenaria jordanensis,EX,SP_oficial
Orchidaceae,Habenaria leucosantha Barb.Rodr.,Habenaria leucosantha,EN,SP_oficial
Orchidaceae,Habenaria novaesii Edwall ex Hoehne,Habenaria novaesii,EX,SP_oficial
Orchidaceae,Habenaria regnellii Cogn.,Habenaria regnellii,EN,SP_oficial
Orchidaceae,Habenaria santensis Barb.Rodr.,Habenaria santensis,EX,SP_oficial
Orchidaceae,Habenaria schwackei Barb.Rodr.,Habenaria schwackei,EN,SP_oficial
Orchidaceae,Habenaria trifida Kunth,Habenaria trifida,VU,SP_oficial
Orchidaceae,Habenaria umbraticola Barb.Rodr.,Habenaria umbraticola,EX,SP_oficial
Orchidaceae,Homalopetalum hypoleptum (Lindl.) Soto-Arenas,Homalopetalum hypoleptum,EX,SP_oficial
Orchidaceae,Houlletia brocklehurstiana Lindl.,Houlletia brocklehurstiana,EN,SP_oficial
Orchidaceae,Isabelia virginalis Barb.Rodr.,Isabelia virginalis,VU,SP_oficial
Orchidaceae,Koellensteinia tricolor (Lindl.) Reichb.f.,Koellensteinia tricolor,VU,SP_oficial
Orchidaceae,Lepanthopsis densiflora (Barb.Rodr.) Ames,Lepanthopsis densiflora,EX,SP_oficial
Orchidaceae,Lepanthopsis floripecten (Rchb.f.) Ames,Lepanthopsis floripecten,VU,SP_oficial
Orchidaceae,Macradenia multiflora R.Br. Cogn.,Macradenia multiflora,VU,SP_oficial
Orchidaceae,Malaxis cogniauxiana (Schltr.) Pabst,Malaxis cogniauxiana,EX,SP_oficial
Orchidaceae,Malaxis jaraguae (Hoehne & Schltr.) Pabst,Malaxis jaraguae,VU,SP_oficial
Orchidaceae,Mesadenella atroviridis (Barb.Rodr.) Garay,Mesadenella atroviridis,EX,SP_oficial
Orchidaceae,Miltonia clowesii Lindl.,Miltonia clowesii,EX,SP_oficial
Orchidaceae,Miltonia kayasimae Pabst,Miltonia kayasimae,EX,SP_oficial
Orchidaceae,Neogardneria murrayana (Gardner ex Hook.) Schltr.,Neogardneria murrayana,EN,SP_oficial
Orchidaceae,Nohawilliamsia pirarense (Rchb.f.) M.W.Chase & Whitten,Nohawilliamsia pirarense,EX,SP_oficial
Orchidaceae,Octomeria alexandri Schltr.,Octomeria alexandri,EN,SP_oficial
Orchidaceae,Octomeria estrellensis Hoehne,Octomeria estrellensis,EW,SP_oficial
Orchidaceae,Octomeria geraensis Barb.Rodr.,Octomeria geraensis,EX,SP_oficial
Orchidaceae,Octomeria hatschbachii Schltr.,Octomeria hatschbachii,EX,SP_oficial
Orchidaceae,Octomeria hoehnei Schltr.,Octomeria hoehnei,EX,SP_oficial
Orchidaceae,Octomeria lichenicola Barb.Rodr.,Octomeria lichenicola,EN,SP_oficial
Orchidaceae,Octomeria palmyrabellae Barb.Rodr.,Octomeria palmyrabellae,VU,SP_oficial
Orchidaceae,Octomeria praestans Barb.Rodr.,Octomeria praestans,EX,SP_oficial
Orchidaceae,Octomeria recchiana Hoehne,Octomeria recchiana,EX,SP_oficial
Orchidaceae,Octomeria truncicola Barb.Rodr.,Octomeria truncicola,VU,SP_oficial
Orchidaceae,Octomeria wawrae Rchb.f.,Octomeria wawrae,EX,SP_oficial
Orchidaceae,Octomeria wilsoniana Hoehne,Octomeria wilsoniana,EX,SP_oficial
Orchidaceae,Pabstia jugosa (Lindl.) Garay,Pabstia jugosa,EN,SP_oficial
Orchidaceae,Pabstiella carinifera (Barb.Rodr.) Luer,Pabstiella carinifera,VU,SP_oficial
Orchidaceae,Phragmipedium vittatum (Vell.) Rolfe,Phragmipedium vittatum,VU,SP_oficial
Orchidaceae,Phymatidium vogelii Pabst,Phymatidium vogelii,VU,SP_oficial
Orchidaceae,Pogoniopsis schenckii Cogn.,Pogoniopsis schenckii,EX,SP_oficial
Orchidaceae,Pteroglossa hilariana (Cogn.) Garay,Pteroglossa hilariana,EX,SP_oficial
Orchidaceae,Rodriguezia rigida (Lindl.) Rchb.f.,Rodriguezia rigida,VU,SP_oficial
Orchidaceae,Sarcoglottis alexandrii Schltr. ex. Mansf.,Sarcoglottis alexandrii,EX,SP_oficial
Orchidaceae,Sarcoglottis uliginosa Barb.Rodr.,Sarcoglottis uliginosa,VU,SP_oficial
Orchidaceae,Saundersia mirabilis Rchb.f.,Saundersia mirabilis,EN,SP_oficial
Orchidaceae,Scuticaria itirapinensis Pabst,Scuticaria itirapinensis,CR,SP_oficial
Orchidaceae,Scuticaria strictifolia Hoehne,Scuticaria strictifolia,EX,SP_oficial
Orchidaceae,Thysanoglossa jordanensis Porto & Brade,Thysanoglossa jordanensis,EN,SP_oficial
Orchidaceae,Trichocentrum albococcineum Lindl. Belg.,Trichocentrum albococcineum,VU,SP_oficial
Orchidaceae,Vanilla dietschiana Edwall,Vanilla dietschiana,VU,SP_oficial
Orchidaceae,Veyretia rupicola (Garay) F.Barros,Veyretia rupicola,EX,SP_oficial
Orchidaceae,Warczewiczella wailesiana (Lindl.) Rchb.f. ex E.Morren,Warczewiczella wailesiana,EN,SP_oficial
Orchidaceae,Zygostates pellucida Rchb.f.,Zygostates pellucida,EN,SP_oficial
Orobanchaceae,Agalinis communis (Cham. & Schltdl.) D´Arcy,Agalinis communis,EN,SP_oficial
Orobanchaceae,Agalinis ramulifera Barringer,Agalinis ramulifera,EX,SP_oficial
Orobanchaceae,Buchnera amethystina Cham. & Schltdl.,Buchnera amethystina,EX,SP_oficial
Orobanchaceae,Escobedia grandiflora (L.f.) Kuntze,Escobedia grandiflora,EN,SP_oficial
Orobanchaceae,Melasma rhinanthoides (Cham.) Benth.,Melasma rhinanthoides,EX,SP_oficial
Oxalidaceae,Oxalis arachnoidea Progel,Oxalis arachnoidea,EN,SP_oficial
Oxalidaceae,Oxalis hyalotricha Lourteig,Oxalis hyalotricha,EN,SP_oficial
Passifloraceae,Passiflora campanulata Mast.,Passiflora campanulata,EW,SP_oficial
Passifloraceae,Passiflora ischnoclada Harms,Passiflora ischnoclada,CR,SP_oficial
Passifloraceae,Passiflora malacophylla Mast.,Passiflora malacophylla,EX,SP_oficial
Passifloraceae,Passiflora racemosa Brot.,Passiflora racemosa,EW,SP_oficial
Passifloraceae,Passiflora setulosa Killip,Passiflora setulosa,EW,SP_oficial
Pentaphylacaceae,Ternstroemia cuneifolia Gardner,Ternstroemia cuneifolia,EX,SP_oficial
Piperaceae,Peperomia adsurgens Yuncker,Peperomia adsurgens,EX,SP_oficial
Piperaceae,Peperomia apiahyensis Yuncker,Peperomia apiahyensis,EX,SP_oficial
Piperaceae,Peperomia clivicola Yuncker,Peperomia clivicola,EX,SP_oficial
Piperaceae,Peperomia cooperi C.DC.,Peperomia cooperi,EX,SP_oficial
Piperaceae,Peperomia diaphanoides Dahlst.,Peperomia diaphanoides,EX,SP_oficial
Piperaceae,Peperomia emarginella C.DC.,Peperomia emarginella,EX,SP_oficial
Piperaceae,Peperomia gardneriana Miq.,Peperomia gardneriana,EX,SP_oficial
Piperaceae,Peperomia gracilis Dahlst.,Peperomia gracilis,EN,SP_oficial
Piperaceae,Peperomia guarujana C.DC.,Peperomia guarujana,EX,SP_oficial
Piperaceae,Peperomia hemmendorffii Yuncker,Peperomia hemmendorffii,EX,SP_oficial
Piperaceae,Peperomia hernandiifolia (Vahl) A.Dietr.,Peperomia hernandiifolia,EX,SP_oficial
Piperaceae,Peperomia hydrocotyloides Miq.,Peperomia hydrocotyloides,EX,SP_oficial
Piperaceae,Peperomia itatiaiana Yuncker,Peperomia itatiaiana,EX,SP_oficial
Piperaceae,Peperomia loefgrenii Yuncker,Peperomia loefgrenii,EX,SP_oficial
Piperaceae,Peperomia mosenii Dahlst.,Peperomia mosenii,EX,SP_oficial
Piperaceae,Peperomia oreophilla Hensch.,Peperomia oreophilla,EX,SP_oficial
Piperaceae,Peperomia quadrifolia Miq.,Peperomia quadrifolia,EX,SP_oficial
Piperaceae,Peperomia rostulatiformis Yuncker,Peperomia rostulatiformis,EX,SP_oficial
Piperaceae,Peperomia schwackei C.DC.,Peperomia schwackei,EN,SP_oficial
Piperaceae,Peperomia subrubrispica C.DC.,Peperomia subrubrispica,EX,SP_oficial
Piperaceae,Peperomia trinervis Ruiz & Pav.,Peperomia trinervis,EN,SP_oficial
Piperaceae,Peperomia turbinata Dahlst.,Peperomia turbinata,EX,SP_oficial
Piperaceae,Peperomia velloziana Miq.,Peperomia velloziana,EX,SP_oficial
Piperaceae,Piper amparoense Yuncker,Piper amparoense,EX,SP_oficial
Piperaceae,Piper anostachyum Yuncker,Piper anostachyum,EN,SP_oficial
Piperaceae,Piper crassistilum Yuncker,Piper crassistilum,EX,SP_oficial
Piperaceae,Piper edwallii Yuncker,Piper edwallii,EX,SP_oficial
Piperaceae,Piper hoehnei Yuncker,Piper hoehnei,EX,SP_oficial
Piperaceae,Piper kuhlmannii Yuncker,Piper kuhlmannii,EX,SP_oficial
Piperaceae,Piper lanceolatum Ruiz & Pav.,Piper lanceolatum,EN,SP_oficial
Piperaceae,Piper loefgrenii Yuncker,Piper loefgrenii,EX,SP_oficial
Piperaceae,Piper oblancifolium Yuncker,Piper oblancifolium,EX,SP_oficial
Piperaceae,Piper piritubanum Yuncker,Piper piritubanum,EX,SP_oficial
Piperaceae,Piper scabrellum Yuncker,Piper scabrellum,EX,SP_oficial
Piperaceae,Piper tectoniifolium Kunth,Piper tectoniifolium,EX,SP_oficial
Plantaginaceae,Angelonia integerrima Spreng.,Angelonia integerrima,EX,SP_oficial
Plantaginaceae,Bacopa congesta Chodat & Hassl.,Bacopa congesta,EX,SP_oficial
Plantaginaceae,Callitriche terrestris Raf.,Callitriche terrestris,EX,SP_oficial
Plantaginaceae,Stemodia foliosa Benth.,Stemodia foliosa,EX,SP_oficial
Poaceae,Acroceras excavatum (Henrard) Zuloaga & Morrone,Acroceras excavatum,VU,SP_oficial
Poaceae,Agenium leptocladum (Hack.) Clayton,Agenium leptocladum,EN,SP_oficial
Poaceae,Agrostis lenis Roseng. et al.,Agrostis lenis,VU,SP_oficial
Poaceae,Agrostis longiberbis Hack. ex L.B.Sm.,Agrostis longiberbis,EN,SP_oficial
Poaceae,Andropogon carinatus Nees,Andropogon carinatus,EX,SP_oficial
Poaceae,Andropogon glaucophyllus Roseng. et al.,Andropogon glaucophyllus,EX,SP_oficial
Poaceae,Andropogon hypogynus Hack.,Andropogon hypogynus,VU,SP_oficial
Poaceae,Apoclada simplex McClure & L.B.Sm.,Apoclada simplex,EN,SP_oficial
Poaceae,Aristida brasiliensis Longhi-Wagner,Aristida brasiliensis,EX,SP_oficial
Poaceae,Aristida circinalis Lindm.,Aristida circinalis,EN,SP_oficial
Poaceae,Aristida ekmaniana Henrard,Aristida ekmaniana,EX,SP_oficial
Poaceae,Aristida filifolia (Arechav.) Herter,Aristida filifolia,EN,SP_oficial
Poaceae,Aristida laevis (Nees) Kunth,Aristida laevis,EX,SP_oficial
Poaceae,Aristida macrophylla Hack.,Aristida macrophylla,EX,SP_oficial
Poaceae,Aristida oligospira (Hack.) Henrard,Aristida oligospira,EX,SP_oficial
Poaceae,Aristida sanctae-luciae Trin.,Aristida sanctae-luciae,EX,SP_oficial
Poaceae,Aristida subaequans Döll,Aristida subaequans,EX,SP_oficial
Poaceae,Arthropogon xerachne Ekman,Arthropogon xerachne,CR,SP_oficial
Poaceae,Arundinella deppeana Nees ex Steud.,Arundinella deppeana,EX,SP_oficial
Poaceae,Axonopus chrysoblepharis (Lag.) Chase,Axonopus chrysoblepharis,EX,SP_oficial
Poaceae,Axonopus comans (Trin. ex Döll) Kuhlm.,Axonopus comans,EX,SP_oficial
Poaceae,Axonopus complanatus (Nees) Dedecca,Axonopus complanatus,EX,SP_oficial
Poaceae,Axonopus fastigiatus (Nees ex Trin.) Kuhlm.,Axonopus fastigiatus,EX,SP_oficial
Poaceae,Axonopus monticola G.A.Black,Axonopus monticola,EX,SP_oficial
Poaceae,Axonopus ramboi G.A.Black,Axonopus ramboi,EX,SP_oficial
Poaceae,Axonopus uninodis (Hack.) G.A.Black,Axonopus uninodis,EX,SP_oficial
Poaceae,Bothriochloa laguroides (DC.) Herter,Bothriochloa laguroides,EX,SP_oficial
Poaceae,Bromidium hygrometricum (Nees) Nees & Meyen,Bromidium hygrometricum,CR,SP_oficial
Poaceae,"Chascolytrum juergensii (Hack.) Essi, Longhi-Wagner & Souza-Chies",Chascolytrum juergensii,EX,SP_oficial
Poaceae,"Chascolytum brasiliense (Nees ex Steud.) Essi, Longhi-Wagner & Souza-Chies",Chascolytum brasiliense,CR,SP_oficial
Poaceae,"Chascolytum itatiaiae (Ekman) Essi, Longhi-Wagner & Souza-Chies",Chascolytum itatiaiae,CR,SP_oficial
Poaceae,Chusquea anelythra Nees,Chusquea anelythra,EX,SP_oficial
Poaceae,Chusquea erecta L.G.Clark,Chusquea erecta,EN,SP_oficial
Poaceae,Chusquea heterophylla Nees,Chusquea heterophylla,CR,SP_oficial
Poaceae,Chusquea pinifolia (Nees) Nees,Chusquea pinifolia,CR,SP_oficial
Poaceae,Chusquea pulchella L.G.Clark,Chusquea pulchella,EN,SP_oficial
Poaceae,Chusquea tenuiglumis Döll,Chusquea tenuiglumis,CR,SP_oficial
Poaceae,Colanthelia cingulata (McClure & L.B.Sm.) McClure,Colanthelia cingulata,VU,SP_oficial
Poaceae,Colanthelia macrostachya (Nees) McClure,Colanthelia macrostachya,EX,SP_oficial
Poaceae,Ctenium brevispicatum J.G.Sm.,Ctenium brevispicatum,CR,SP_oficial
Poaceae,Ctenium cirrhosum (Nees) Kunth,Ctenium cirrhosum,EN,SP_oficial
Poaceae,Danthonia cirrata Hack. & Arechav.,Danthonia cirrata,CR,SP_oficial
Poaceae,Diandrolyra tatianae Soderstr. & Zuloaga,Diandrolyra tatianae,EN,SP_oficial
Poaceae,Digitaria corynotricha (Hack.) Henrard,Digitaria corynotricha,EN,SP_oficial
Poaceae,Digitaria neesiana Henrard,Digitaria neesiana,EN,SP_oficial
Poaceae,Eragrostis neesii Trin.,Eragrostis neesii,EN,SP_oficial
Poaceae,Eriochloa distachya Kunth,Eriochloa distachya,EN,SP_oficial
Poaceae,Gymnopogon burchellii (Munro ex Döll) Ekman,Gymnopogon burchellii,CR,SP_oficial
Poaceae,Homolepis villaricensis (Mez) Zuloaga & Morrone,Homolepis villaricensis,EN,SP_oficial
Poaceae,Hymenachne donacifolia (Raddi) Chase,Hymenachne donacifolia,CR,SP_oficial
Poaceae,Hymenachne pernambucensis (Spreng.) Zuloaga,Hymenachne pernambucensis,EN,SP_oficial
Poaceae,Hymenanchne condensata Bertol.,Hymenanchne condensata,CR,SP_oficial
Poaceae,Ichnanthus bambusiflorus (Trin.) Döll,Ichnanthus bambusiflorus,EN,SP_oficial
Poaceae,Ichnanthus lancifolius Mez,Ichnanthus lancifolius,EN,SP_oficial
Poaceae,Leersia ligularis Trin.,Leersia ligularis,CR,SP_oficial
Poaceae,Lithachne horizontalis Chase,Lithachne horizontalis,EX,SP_oficial
Poaceae,Loudetia flammida (Trin.) C.E. Hubb.,Loudetia flammida,CR,SP_oficial
Poaceae,Luziola bahiensis (Steud.) Hitchc.,Luziola bahiensis,EN,SP_oficial
Poaceae,Melica arzivencoi Valls & Barcellos,Melica arzivencoi,CR,SP_oficial
Poaceae,Merostachys abadiana Send.,Merostachys abadiana,CR,SP_oficial
Poaceae,Merostachys bradei Pilg.,Merostachys bradei,EX,SP_oficial
Poaceae,Merostachys brevigluma Send.,Merostachys brevigluma,EN,SP_oficial
Poaceae,Merostachys burmanii Send.,Merostachys burmanii,EN,SP_oficial
Poaceae,Merostachys caucaiana Send.,Merostachys caucaiana,CR,SP_oficial
Poaceae,Merostachys fistulosa Döll,Merostachys fistulosa,VU,SP_oficial
Poaceae,Merostachys kleinii Send.,Merostachys kleinii,EN,SP_oficial
Poaceae,Merostachys polyantha McClure,Merostachys polyantha,EN,SP_oficial
Poaceae,Merostachys scandens Send.,Merostachys scandens,CR,SP_oficial
Poaceae,Merostachys skvortzovii Send.,Merostachys skvortzovii,EN,SP_oficial
Poaceae,Mesosetum ferrugineum (Trin.) Chase,Mesosetum ferrugineum,EN,SP_oficial
Poaceae,Nassella neesiana (Trin. & Rupr.) Barkworth,Nassella neesiana,EX,SP_oficial
Poaceae,Nassella sellowiana (Nees ex Trin. & Rupr.) Peñail.,Nassella sellowiana,CR,SP_oficial
Poaceae,Olyra fasciculata Trin.,Olyra fasciculata,EN,SP_oficial
Poaceae,Panicum peladoense Henrard,Panicum peladoense,EN,SP_oficial
Poaceae,Paspalum acuminatum Raddi,Paspalum acuminatum,EN,SP_oficial
Poaceae,Paspalum arundinellum Mez,Paspalum arundinellum,CR,SP_oficial
Poaceae,Paspalum cinerascens (Döll) A. G. Burman & C.N.Bastos,Paspalum cinerascens,CR,SP_oficial
Poaceae,Paspalum compressifolium Swallen,Paspalum compressifolium,CR,SP_oficial
Poaceae,Paspalum dedeccae Quarín,Paspalum dedeccae,EX,SP_oficial
Poaceae,Paspalum erianthoides Lindm.,Paspalum erianthoides,EX,SP_oficial
Poaceae,Paspalum erianthum Nees ex Trin.,Paspalum erianthum,EN,SP_oficial
Poaceae,Paspalum exaltatum J.Presl,Paspalum exaltatum,CR,SP_oficial
Poaceae,Paspalum falcatum Nees ex Steud.,Paspalum falcatum,EN,SP_oficial
Poaceae,Paspalum flaccidum Nees,Paspalum flaccidum,CR,SP_oficial
Poaceae,Paspalum foliiforme S.Denham,Paspalum foliiforme,EN,SP_oficial
Poaceae,Paspalum geminiflorum Steud.,Paspalum geminiflorum,EX,SP_oficial
Poaceae,Paspalum glaucescens Hack.,Paspalum glaucescens,EN,SP_oficial
Poaceae,Paspalum ionanthum Chase,Paspalum ionanthum,EN,SP_oficial
Poaceae,Paspalum macranthecium Parodi,Paspalum macranthecium,EN,SP_oficial
Poaceae,Paspalum plenum Chase,Paspalum plenum,EN,SP_oficial
Poaceae,Paspalum stellatum Humb. & Bonpl. ex Flüggé,Paspalum stellatum,EN,SP_oficial
Poaceae,Paspalum usterii Hack.,Paspalum usterii,EX,SP_oficial
Poaceae,Piptochaetium ruprechtianum Desv.,Piptochaetium ruprechtianum,EX,SP_oficial
Poaceae,Poa bradei Pilg.,Poa bradei,CR,SP_oficial
Poaceae,Polypogon chilensis (Kunth) Pilg.,Polypogon chilensis,CR,SP_oficial
Poaceae,Polypogon imberbis (Phil.) Johow,Polypogon imberbis,EN,SP_oficial
Poaceae,Raddiella esenbeckii (Steud.) C.E.Calderón & Soderstr.,Raddiella esenbeckii,EX,SP_oficial
Poaceae,Reimarochloa acuta (Flüggé) Hitchc.,Reimarochloa acuta,CR,SP_oficial
Poaceae,Reitzia smithii Swallen,Reitzia smithii,EX,SP_oficial
Poaceae,Schizachyrium scabriflorum (Rupr. ex Hack.) A. Camus,Schizachyrium scabriflorum,EX,SP_oficial
Poaceae,Schizachyrium tenerum Nees,Schizachyrium tenerum,EN,SP_oficial
Poaceae,Setaria parviflora var. pilosissima (Hack.) Pensiero,Setaria parviflora var. pilosissima,EX,SP_oficial
Poaceae,Setaria tenacissima Schrad. ex Schult.,Setaria tenacissima,CR,SP_oficial
Poaceae,Sorghastrum stipoides (Kunth) Nash,Sorghastrum stipoides,EX,SP_oficial
Poaceae,"Sporobolus adustus (Trin.) Roseng., B.R.Arrill. & Izag.",Sporobolus adustus,CR,SP_oficial
Poaceae,Sporobolus apiculatus Boechat & Longhi-Wagner,Sporobolus apiculatus,EN,SP_oficial
Poaceae,Steinchisma spathellosum (Döll) Renvoize,Steinchisma spathellosum,EX,SP_oficial
Poaceae,Trichanthecium distichophyllum (Spreng.) Zuloaga & Morrone,Trichanthecium distichophyllum,EN,SP_oficial
Poaceae,Zizaniopsis microstachya (Nees ex Trin.) Döll & Asch.,Zizaniopsis microstachya,EX,SP_oficial
Podostemaceae,Podostemum distichum (Cham.) Wedd.,Podostemum distichum,VU,SP_oficial
Podostemaceae,Podostemum ovatum C.T.Philbrick & Novelo,Podostemum ovatum,EN,SP_oficial
Podostemaceae,Podostemum rutifolium Warm.,Podostemum rutifolium,EN,SP_oficial
Polygalaceae,Polygala brasiliensis L.,Polygala brasiliensis,EN,SP_oficial
Polygalaceae,Polygala galioides Poir.,Polygala galioides,EX,SP_oficial
Polygalaceae,Polygala molluginifolia A.St.-Hil.,Polygala molluginifolia,EX,SP_oficial
Polygalaceae,Polygala pumila Norl.,Polygala pumila,EX,SP_oficial
Polygalaceae,Polygala stephaniana Marques,Polygala stephaniana,EX,SP_oficial
Polygalaceae,Polygala tamariscea Mart. ex A.W.Benn.,Polygala tamariscea,EX,SP_oficial
Pontederiaceae,Heteranthera reniformis Ruiz & Pav.,Heteranthera reniformis,VU,SP_oficial
Pontederiaceae,Heteranthera zosterifolia Mart.,Heteranthera zosterifolia,VU,SP_oficial
Portulacaceae,Portulaca amilis Speg.,Portulaca amilis,VU,SP_oficial
Portulacaceae,Portulaca halimoides L.,Portulaca halimoides,EX,SP_oficial
Primulaceae,Anagallis barbata (P.Taylor) Kupicha,Anagallis barbata,EN,SP_oficial
Primulaceae,Clavija spinosa (Vell.) Mez,Clavija spinosa,EN,SP_oficial
Primulaceae,Lysimachia buxifolia Molina,Lysimachia buxifolia,EN,SP_oficial
Primulaceae,Myrsine villosissima Mart.,Myrsine villosissima,EN,SP_oficial
Proteaceae,Euplassa cantareirae Sleumer,Euplassa cantareirae,EX,SP_oficial
Proteaceae,Panopsis multiflora (Schott) Ducke,Panopsis multiflora,EN,SP_oficial
Proteaceae,Panopsis rubescens (Pohl) Rusby,Panopsis rubescens,VU,SP_oficial
Proteaceae,Roupala sculpta Sleumer,Roupala sculpta,VU,SP_oficial
Quiinaceae,Quiina magallano-gomesii Schwacke,Quiina magallano-gomesii,VU,SP_oficial
Ranunculaceae,Clematis campestris A.St.-Hil.,Clematis campestris,EW,SP_oficial
Ranunculaceae,Ranunculus flagelliformis Sm.,Ranunculus flagelliformis,EX,SP_oficial
Rhamnaceae,Colubrina retusa (Pittier) R.S.Cowan,Colubrina retusa,EN,SP_oficial
Rhamnaceae,Crumenaria choretroides Mart. ex Reissek,Crumenaria choretroides,VU,SP_oficial
Rhamnaceae,Gouania blanchetiana Miq.,Gouania blanchetiana,EX,SP_oficial
Rhamnaceae,Gouania corylifolia Raddi,Gouania corylifolia,VU,SP_oficial
Rhamnaceae,Gouania inornata Reissek,Gouania inornata,EN,SP_oficial
Rhamnaceae,Gouania ulmifolia Hook. & Arn.,Gouania ulmifolia,EX,SP_oficial
Rhamnaceae,Reissekia smilacina (Sm.) Steud.,Reissekia smilacina,EX,SP_oficial
Rhamnaceae,Rhamnidium glabrum Reissek,Rhamnidium glabrum,VU,SP_oficial
Rhamnaceae,Scutia arenicola (Casar.) Reissek,Scutia arenicola,EN,SP_oficial
Rosaceae,Acaena eupatoria Cham. & Schltdl.,Acaena eupatoria,VU,SP_oficial
Rosaceae,Agrimonia parviflora Sol.,Agrimonia parviflora,EX,SP_oficial
Rubiaceae,Alseis involuta K. Schum.,Alseis involuta,VU,SP_oficial
Rubiaceae,Borreria pulchristipula (Bremek.) Bacigalupo & E.L.Cabral,Borreria pulchristipula,VU,SP_oficial
Rubiaceae,Chomelia modesta (Standl.) Steyerm.,Chomelia modesta,EX,SP_oficial
Rubiaceae,Coussarea bocainae M. Gomes,Coussarea bocainae,EN,SP_oficial
Rubiaceae,Declieuxia cordigera Mart. & Zucc. ex Schult. & Schult. f. var. divergentiflora (Pohl ex DC.) Kirk.,Declieuxia cordigera var. divergentiflora,EN,SP_oficial
Rubiaceae,Declieuxia oenanthoides Mart. & Zucc. ex. Schult. & Schult.f.,Declieuxia oenanthoides,EN,SP_oficial
Rubiaceae,Faramea monantha Müll.Arg.,Faramea monantha,VU,SP_oficial
Rubiaceae,Faramea paratiensis M.Gomes,Faramea paratiensis,EN,SP_oficial
Rubiaceae,Galianthe cymosa (Cham.) E.L.Cabral & Bacigalupo,Galianthe cymosa,EX,SP_oficial
Rubiaceae,Galianthe peruviana (Pres.) E.L.Cabral,Galianthe peruviana,EX,SP_oficial
Rubiaceae,Galianthe pseudopeciolata E.L.Cabral,Galianthe pseudopeciolata,EX,SP_oficial
Rubiaceae,Galianthe souzae E.L.Cabral & Bacigalupo,Galianthe souzae,EN,SP_oficial
Rubiaceae,Galianthe vaginata E.L.Cabral & Bacigalupo,Galianthe vaginata,EN,SP_oficial
Rubiaceae,Galium diphyllum (K.Schum.) Dempster,Galium diphyllum,EX,SP_oficial
Rubiaceae,Galium equisetoides (Cham. & Schltdl.) Standl.,Galium equisetoides,EX,SP_oficial
Rubiaceae,Galium humile Cham. & Schltdl.,Galium humile,EX,SP_oficial
Rubiaceae,Galium hypocarpium (L.) Endl. ex Griseb. subsp. buxifolium (K.Schum.) Dempster,Galium hypocarpium subsp. buxifolium,EX,SP_oficial
Rubiaceae,Galium nigroramosum (Ehrend.) Dempster,Galium nigroramosum,EX,SP_oficial
Rubiaceae,Galium noxium (A.St.-Hil.) Dempster subsp. valantioides (Cham. & Schltdl.) Dempster,Galium noxium subsp. valantioides,EX,SP_oficial
Rubiaceae,Galium shepherdii Jung-Mendaçolli,Galium shepherdii,CR,SP_oficial
Rubiaceae,Guettarda platyphylla Müll.Arg.,Guettarda platyphylla,EX,SP_oficial
Rubiaceae,Manettia campanulacea Standl.,Manettia campanulacea,CR,SP_oficial
Rubiaceae,Manettia pauciflora Dusén,Manettia pauciflora,VU,SP_oficial
Rubiaceae,Manettia tweedieana K.Schum.,Manettia tweedieana,VU,SP_oficial
Rubiaceae,Melanopsidium nigrum Colla,Melanopsidium nigrum,VU,SP_oficial
Rubiaceae,Palicourea tetraphylla Cham. & Schltdl.,Palicourea tetraphylla,VU,SP_oficial
Rubiaceae,Psychotria loefgrenii Standl.,Psychotria loefgrenii,EN,SP_oficial
Rubiaceae,Psychotria microcarpa Müll.Arg.,Psychotria microcarpa,EX,SP_oficial
Rubiaceae,Psychotria paludosa Müll.Arg.,Psychotria paludosa,EX,SP_oficial
Rubiaceae,Psychotria prunifolia (Kunth) Steyerm.,Psychotria prunifolia,EN,SP_oficial
Rubiaceae,Psychotria rhytidocarpa Müll.Arg.,Psychotria rhytidocarpa,VU,SP_oficial
Rubiaceae,Psychotria tenuifolia Sw.,Psychotria tenuifolia,EN,SP_oficial
Rubiaceae,Richardia schumannii W.H.Lewis & R.L.Oliv.,Richardia schumannii,EX,SP_oficial
Rubiaceae,Richardia stellaris (Cham. & Schltdl.) Steud.,Richardia stellaris,EN,SP_oficial
Rubiaceae,Rudgea corymbulosa Benth.,Rudgea corymbulosa,EN,SP_oficial
Rubiaceae,Rudgea jasminoides subsp. nervosa Zappi & Anunc.,Rudgea jasminoides subsp. nervosa,VU,SP_oficial
Rubiaceae,Rudgea pachyphylla Müll.Arg.,Rudgea pachyphylla,EX,SP_oficial
Rubiaceae,Rudgea parquioides (Cham.) Müll.Arg. subsp. caprifolium (A.Zahlbr.) Zappi,Rudgea parquioides subsp. caprifolium,EX,SP_oficial
Rubiaceae,Rudgea parquioides (Cham.) Müll.Arg. subsp. hirsutissima Zappi,Rudgea parquioides subsp. hirsutissima,EN,SP_oficial
Rubiaceae,Rustia angustifolia K.Schum.,Rustia angustifolia,EN,SP_oficial
Rubiaceae,Schizocalyx cuspidatus (A.St.-Hil) Kainul. & B.Bremer,Schizocalyx cuspidatus,VU,SP_oficial
Rutaceae,Esenbeckia pilocarpoides Kunth,Esenbeckia pilocarpoides,EN,SP_oficial
Rutaceae,Pilocarpus giganteus Engl.,Pilocarpus giganteus,EN,SP_oficial
Sapindaceae,Cupania concolor Radlk.,Cupania concolor,VU,SP_oficial
Sapindaceae,Cupania furfuracea Radlk.,Cupania furfuracea,VU,SP_oficial
Sapindaceae,Paullinia racemosa Wawra,Paullinia racemosa,VU,SP_oficial
Sapindaceae,Paullinia uloptera Radlk.,Paullinia uloptera,VU,SP_oficial
Sapindaceae,Serjania hatschbachii Ferrucci,Serjania hatschbachii,EX,SP_oficial
Sapindaceae,Urvillea glabra Cambess.,Urvillea glabra,VU,SP_oficial
Sapotaceae,Chrysophyllum imperiale (Linden ex K.Koch & Fintelm.) Benth. & Hook.,Chrysophyllum imperiale,EN,SP_oficial
Sapotaceae,Pouteria bullata (S.Moore) Baehni,Pouteria bullata,EN,SP_oficial
Sapotaceae,Pouteria glomerata (Miq.) Radlk.,Pouteria glomerata,VU,SP_oficial
Sapotaceae,Pouteria oxypetala T.D.Penn.,Pouteria oxypetala,EN,SP_oficial
Simaroubaceae,Simaba glabra Engl.,Simaba glabra,EX,SP_oficial
Simaroubaceae,Simaba insignis A.St.-Hil. & Tul.,Simaba insignis,EN,SP_oficial
Simaroubaceae,Simaba salubris Engl.,Simaba salubris,EX,SP_oficial
Smilacaceae,Smilax japicanga Griseb.,Smilax japicanga,VU,SP_oficial
Smilacaceae,Smilax lappacea Willd.,Smilax lappacea,EX,SP_oficial
Smilacaceae,Smilax lutescens Vell.,Smilax lutescens,EX,SP_oficial
Smilacaceae,Smilax muscosa Toledo,Smilax muscosa,EX,SP_oficial
Smilacaceae,Smilax subsessiliflora Duhamel,Smilax subsessiliflora,EX,SP_oficial
Solanaceae,Schwenckia curviflora Benth.,Schwenckia curviflora,EN,SP_oficial
Solanaceae,Solanum spissifolium Sendtn,Solanum spissifolium,EX,SP_oficial
Symplocaceae,Symplocos atlantica Aranha,Symplocos atlantica,EN,SP_oficial
Symplocaceae,Symplocos itatiaiae Wawra,Symplocos itatiaiae,EN,SP_oficial
Symplocaceae,Symplocos rizzinii Occhioni,Symplocos rizzinii,EX,SP_oficial
Triuridaceae,Sciaphila schwackeana Johow,Sciaphila schwackeana,EN,SP_oficial
Triuridaceae,Triuris hyalina (Miers) F.Muell,Triuris hyalina,EX,SP_oficial
Tropaeolaceae,Tropaeolum warmingianum Rohrb.,Tropaeolum warmingianum,EN,SP_oficial
Turneraceae,Turnera hilaireana Urb.,Turnera hilaireana,EN,SP_oficial
Ulmaceae,Phyllostylon rhamnoides (J.Poiss.) Taub.,Phyllostylon rhamnoides,EN,SP_oficial
Urticaceae,Pilea rhizobola Miq.,Pilea rhizobola,EX,SP_oficial
Velloziaceae,Barbacenia gounelleana Beauverd,Barbacenia gounelleana,EN,SP_oficial
Velloziaceae,Barbacenia paranaensis L.B.Sm.,Barbacenia paranaensis,EN,SP_oficial
Velloziaceae,Vellozia variabilis Mart. ex Schult. & Schilt.f.,Vellozia variabilis,EX,SP_oficial
Violaceae,Hybanthus velutinus Schulze-Menz,Hybanthus velutinus,EN,SP_oficial
Violaceae,Viola gracillima A.St.-Hil.,Viola gracillima,EX,SP_oficial
Violaceae,Viola subdimidiata A.St.-Hil.,Viola subdimidiata,EN,SP_oficial
Xyridaceae,Xyris augusto-coburgii Szyszyl. ex Beck,Xyris augusto-coburgii,EN,SP_oficial
Xyridaceae,Xyris brevifolia Michx.,Xyris brevifolia,VU,SP_oficial
Xyridaceae,Xyris capensis Thunb.,Xyris capensis,EX,SP_oficial
Xyridaceae,Xyris cervii E.D.Lozano & Wand.,Xyris cervii,EN,SP_oficial
Xyridaceae,Xyris fallax Malme,Xyris fallax,EN,SP_oficial
Xyridaceae,Xyris fusca L.A.Nilsson,Xyris fusca,EN,SP_oficial
Xyridaceae,Xyris longifolia Mart.,Xyris longifolia,EX,SP_oficial
Xyridaceae,Xyris metallica Klotzsch ex Seub.,Xyris metallica,VU,SP_oficial
Xyridaceae,Xyris obtusiuscula L.A.Nilsson,Xyris obtusiuscula,EX,SP_oficial
Xyridaceae,Xyris rigida Kunth,Xyris rigida,CR,SP_oficial
Xyridaceae,Xyris stenophylla L.A.Nilsson,Xyris stenophylla,EX,SP_oficial
Xyridaceae,Xyris trachyphylla Mart.,Xyris trachyphylla,EN,SP_oficial
Xyridaceae,Xyris uninervis Malme,Xyris uninervis,VU,SP_oficial
Xyridaceae,Xyris vacillans Malme,Xyris vacillans,EN,SP_oficial
Xyridaceae,Xyris wawrae Heimerl.,Xyris wawrae,EN,SP_oficial
